ID, Date, Total_Steps, Total_Minutes, Distance, Calories
1503960366,2016-04-12,13162,1094,8.5,1985
1503960366,2016-04-13,10735,1033,6.97,1797
1503960366,2016-04-14,10460,1440,6.74,1776
1503960366,2016-04-15,9762,998,6.28,1745
1503960366,2016-04-16,12669,1040,8.16,1863
1503960366,2016-04-17,9705,761,6.48,1728
1503960366,2016-04-18,13019,1440,8.59,1921
1503960366,2016-04-19,15506,1120,9.88,2035
1503960366,2016-04-20,10544,1063,6.68,1786
1503960366,2016-04-21,9819,1076,6.34,1775
1503960366,2016-04-22,12764,1440,8.13,1827
1503960366,2016-04-23,14371,1056,9.04,1949
1503960366,2016-04-24,10039,991,6.41,1788
1503960366,2016-04-25,15355,1117,9.8,2013
1503960366,2016-04-26,13755,1166,8.79,1970
1503960366,2016-04-27,18134,1440,12.21,2159
1503960366,2016-04-28,13154,1047,8.53,1898
1503960366,2016-04-29,11181,1086,7.15,1837
1503960366,2016-04-30,14673,1015,9.25,1947
1503960366,2016-05-01,10602,1044,6.81,1820
1503960366,2016-05-02,14727,1131,9.71,2004
1503960366,2016-05-03,15103,1144,9.66,1990
1503960366,2016-05-04,11100,1440,7.15,1819
1503960366,2016-05-05,14070,1176,8.9,1959
1503960366,2016-05-06,12159,1073,8.03,1896
1503960366,2016-05-07,11992,1091,7.71,1821
1503960366,2016-05-08,10060,829,6.58,1740
1503960366,2016-05-09,12022,1098,7.72,1819
1503960366,2016-05-10,12207,1037,7.77,1859
1503960366,2016-05-11,12770,979,8.13,1783
1624580081,2016-04-12,8163,1440,5.31,1432
1624580081,2016-04-13,7007,1440,4.55,1411
1624580081,2016-04-14,9107,1440,5.92,1572
1624580081,2016-04-15,1510,1440,0.98,1344
1624580081,2016-04-16,5370,1440,3.49,1463
1624580081,2016-04-17,6175,1440,4.06,1554
1624580081,2016-04-18,10536,1440,7.41,1604
1624580081,2016-04-19,2916,1440,1.9,1435
1624580081,2016-04-20,4974,1440,3.23,1446
1624580081,2016-04-21,6349,1440,4.13,1467
1624580081,2016-04-22,4026,1440,2.62,1470
1624580081,2016-04-23,8538,1440,5.55,1562
1624580081,2016-04-24,6076,1440,3.95,1617
1624580081,2016-04-25,6497,1440,4.22,1492
1624580081,2016-04-26,2826,1440,1.84,1402
1624580081,2016-04-27,8367,1440,5.44,1670
1624580081,2016-04-28,2759,1440,1.79,1401
1624580081,2016-04-29,2390,1440,1.55,1404
1624580081,2016-04-30,6474,1440,4.3,1655
1624580081,2016-05-01,36019,1440,28.03,2690
1624580081,2016-05-02,7155,1440,4.93,1497
1624580081,2016-05-03,2100,1440,1.37,1334
1624580081,2016-05-04,2193,1440,1.43,1368
1624580081,2016-05-05,2470,1440,1.61,1370
1624580081,2016-05-06,1727,1440,1.12,1341
1624580081,2016-05-07,2104,1440,1.37,1474
1624580081,2016-05-08,3427,1440,2.23,1427
1624580081,2016-05-09,1732,1440,1.13,1328
1624580081,2016-05-10,2969,1440,1.93,1393
1624580081,2016-05-11,3134,1440,2.04,1359
1624580081,2016-05-12,2971,997,1.93,1002
1644430081,2016-04-12,10694,1440,7.77,3199
1644430081,2016-04-13,8001,1440,5.82,2902
1644430081,2016-04-14,11037,1440,8.02,3226
1644430081,2016-04-15,5263,1440,3.83,2750
1644430081,2016-04-16,15300,1440,11.12,3493
1644430081,2016-04-17,8757,1440,6.37,3011
1644430081,2016-04-18,7132,1440,5.19,2806
1644430081,2016-04-19,11256,1440,8.18,3300
1644430081,2016-04-20,2436,1440,1.77,2430
1644430081,2016-04-21,1223,1440,0.89,2140
1644430081,2016-04-22,3673,1440,2.67,2344
1644430081,2016-04-23,6637,1440,4.83,2677
1644430081,2016-04-24,3321,1440,2.41,2413
1644430081,2016-04-25,3580,1440,2.6,2497
1644430081,2016-04-26,9919,1440,7.21,3123
1644430081,2016-04-27,3032,1440,2.2,2489
1644430081,2016-04-28,9405,1440,6.84,3108
1644430081,2016-04-29,3176,1313,2.31,2498
1644430081,2016-04-30,18213,1298,13.24,3846
1644430081,2016-05-01,6132,1081,4.46,2696
1644430081,2016-05-02,3758,838,2.73,2580
1644430081,2016-05-03,12850,1440,9.34,3324
1644430081,2016-05-04,2309,1440,1.68,2222
1644430081,2016-05-05,4363,1440,3.19,2463
1644430081,2016-05-06,9787,1440,7.12,3328
1644430081,2016-05-07,13372,1440,9.72,3404
1644430081,2016-05-08,6724,1286,4.89,2987
1644430081,2016-05-09,6643,1440,4.83,3008
1644430081,2016-05-10,9167,1440,6.66,2799
1644430081,2016-05-11,1329,762,0.97,1276
1844505072,2016-04-12,6697,1440,4.43,2030
1844505072,2016-04-13,4929,1440,3.26,1860
1844505072,2016-04-14,7937,1216,5.25,2130
1844505072,2016-04-15,3844,703,2.54,1725
1844505072,2016-04-16,3414,1440,2.26,1657
1844505072,2016-04-17,4525,1440,2.99,1793
1844505072,2016-04-18,4597,1440,3.04,1814
1844505072,2016-04-19,197,1440,0.13,1366
1844505072,2016-04-20,8,1440,0.01,1349
1844505072,2016-04-21,8054,1440,5.32,2062
1844505072,2016-04-22,5372,1440,3.55,1827
1844505072,2016-04-23,3570,1440,2.36,1645
1844505072,2016-04-28,6907,1440,4.57,1992
1844505072,2016-04-29,4920,1329,3.25,1856
1844505072,2016-04-30,4014,402,2.67,1763
1844505072,2016-05-01,2573,667,1.7,1541
1844505072,2016-05-03,4059,1440,2.68,1742
1844505072,2016-05-04,2080,1440,1.37,1549
1844505072,2016-05-05,2237,1440,1.48,1589
1844505072,2016-05-06,44,1440,0.03,1351
1927972279,2016-04-12,678,789,0.47,2220
1927972279,2016-04-13,356,1018,0.25,2151
1927972279,2016-04-14,2163,1389,1.5,2383
1927972279,2016-04-15,980,992,0.68,2221
1927972279,2016-04-18,244,1440,0.17,2111
1927972279,2016-04-22,149,1440,0.1,2093
1927972279,2016-04-23,2945,1440,2.04,2499
1927972279,2016-04-24,2090,1440,1.45,2324
1927972279,2016-04-25,152,1315,0.11,2100
1927972279,2016-04-26,3761,1250,2.6,2638
1927972279,2016-04-28,1675,1262,1.16,2351
1927972279,2016-05-01,2704,1440,1.87,2411
1927972279,2016-05-02,3790,1440,2.62,2505
1927972279,2016-05-03,1326,1440,0.92,2195
1927972279,2016-05-04,1786,1440,1.24,2338
1927972279,2016-05-06,2091,1440,1.45,2383
1927972279,2016-05-07,1510,1440,1.04,2229
2022484408,2016-04-12,11875,1440,8.34,2390
2022484408,2016-04-13,12024,1440,8.5,2601
2022484408,2016-04-14,10690,1440,7.5,2312
2022484408,2016-04-15,11034,1440,8.03,2525
2022484408,2016-04-16,10100,1440,7.09,2177
2022484408,2016-04-17,15112,1440,11.4,2782
2022484408,2016-04-18,14131,1440,10.07,2770
2022484408,2016-04-19,11548,1440,8.53,2489
2022484408,2016-04-20,15112,1440,10.67,2897
2022484408,2016-04-21,12453,1440,8.74,3158
2022484408,2016-04-22,12954,1440,9.33,2638
2022484408,2016-04-23,6001,1440,4.21,2069
2022484408,2016-04-24,13481,1440,10.28,2529
2022484408,2016-04-25,11369,1440,8.01,2470
2022484408,2016-04-26,10119,1440,7.19,2793
2022484408,2016-04-27,10159,1440,7.13,2463
2022484408,2016-04-28,10140,1440,7.12,2296
2022484408,2016-04-29,10245,1440,7.19,2611
2022484408,2016-04-30,18387,1440,12.91,2732
2022484408,2016-05-01,10538,1440,7.4,2380
2022484408,2016-05-02,10379,1440,7.29,2473
2022484408,2016-05-03,12183,1440,8.74,2752
2022484408,2016-05-04,11768,1440,8.29,2649
2022484408,2016-05-05,11895,1440,8.35,2609
2022484408,2016-05-06,10227,1440,7.18,2498
2022484408,2016-05-07,6708,1440,4.71,1995
2022484408,2016-05-08,3292,1440,2.31,1848
2022484408,2016-05-09,13379,1440,9.39,2709
2022484408,2016-05-10,12798,1440,8.98,2797
2022484408,2016-05-11,13272,1440,9.32,2544
2022484408,2016-05-12,9117,996,6.41,1853
2026352035,2016-04-12,4414,898,2.74,1459
2026352035,2016-04-13,4993,901,3.1,1521
2026352035,2016-04-14,3335,850,2.07,1431
2026352035,2016-04-15,3821,875,2.37,1444
2026352035,2016-04-16,2547,878,1.58,1373
2026352035,2016-04-17,838,1113,0.52,1214
2026352035,2016-04-18,3325,1244,2.06,1419
2026352035,2016-04-19,2424,926,1.5,1356
2026352035,2016-04-20,7222,950,4.48,1667
2026352035,2016-04-21,2467,902,1.53,1370
2026352035,2016-04-22,2915,874,1.81,1399
2026352035,2016-04-23,12357,890,7.71,1916
2026352035,2016-04-24,3490,868,2.16,1401
2026352035,2016-04-25,6017,1081,3.73,1576
2026352035,2016-04-26,5933,1306,3.68,1595
2026352035,2016-04-27,6088,872,3.77,1593
2026352035,2016-04-28,6375,957,3.95,1649
2026352035,2016-04-29,7604,844,4.71,1692
2026352035,2016-04-30,4729,827,2.93,1506
2026352035,2016-05-01,3609,907,2.28,1447
2026352035,2016-05-02,7018,1071,4.35,1690
2026352035,2016-05-03,5992,1285,3.72,1604
2026352035,2016-05-04,6564,875,4.07,1658
2026352035,2016-05-05,12167,954,7.54,1926
2026352035,2016-05-06,8198,894,5.08,1736
2026352035,2016-05-07,4193,894,2.6,1491
2026352035,2016-05-08,5528,868,3.45,1555
2026352035,2016-05-09,10685,944,6.62,1869
2026352035,2016-05-10,254,1019,0.16,1141
2026352035,2016-05-11,8580,899,5.32,1698
2026352035,2016-05-12,8891,673,5.51,1364
2320127002,2016-04-12,10725,1440,7.49,2124
2320127002,2016-04-13,7275,1440,4.9,2003
2320127002,2016-04-14,3973,1440,2.68,1696
2320127002,2016-04-15,5205,1440,3.51,1801
2320127002,2016-04-16,5057,1440,3.41,1724
2320127002,2016-04-17,6198,1440,4.18,1852
2320127002,2016-04-18,6559,1440,4.42,1905
2320127002,2016-04-19,5997,1440,4.04,1811
2320127002,2016-04-20,7192,1440,4.85,1922
2320127002,2016-04-21,3404,1440,2.29,1610
2320127002,2016-04-22,5583,1440,3.76,1851
2320127002,2016-04-23,5079,1371,3.42,1804
2320127002,2016-04-24,4165,1440,2.81,1725
2320127002,2016-04-25,3588,1440,2.42,1654
2320127002,2016-04-26,3409,1440,2.3,1632
2320127002,2016-04-27,1715,1440,1.16,1481
2320127002,2016-04-28,1532,1440,1.03,1473
2320127002,2016-04-29,924,1440,0.62,1410
2320127002,2016-04-30,4571,1440,3.08,1779
2320127002,2016-05-01,772,1440,0.52,1403
2320127002,2016-05-02,3634,1440,2.45,1613
2320127002,2016-05-03,7443,1440,5.02,1878
2320127002,2016-05-04,1201,1440,0.81,1426
2320127002,2016-05-05,5202,1440,3.51,1780
2320127002,2016-05-06,4878,1440,3.29,1742
2320127002,2016-05-07,7379,1440,4.97,1972
2320127002,2016-05-08,5161,1440,3.48,1821
2320127002,2016-05-09,3090,1440,2.08,1630
2320127002,2016-05-10,6227,1440,4.2,1899
2320127002,2016-05-11,6424,1440,4.33,1903
2320127002,2016-05-12,2661,958,1.79,1125
2347167796,2016-04-12,10113,1325,6.83,2344
2347167796,2016-04-13,10352,922,7.01,2038
2347167796,2016-04-14,10129,960,6.7,2010
2347167796,2016-04-15,10465,1029,6.92,2133
2347167796,2016-04-16,22244,1374,15.08,2670
2347167796,2016-04-17,5472,765,3.62,1882
2347167796,2016-04-18,8247,911,5.45,1944
2347167796,2016-04-19,6711,1037,4.44,2346
2347167796,2016-04-20,10999,1334,7.27,2198
2347167796,2016-04-21,10080,1018,6.75,2048
2347167796,2016-04-22,7804,1023,5.16,1946
2347167796,2016-04-23,16901,1018,11.37,2629
2347167796,2016-04-24,9471,944,6.26,2187
2347167796,2016-04-25,9482,956,6.38,2095
2347167796,2016-04-26,5980,959,3.95,1861
2347167796,2016-04-27,11423,953,7.58,2194
2347167796,2016-04-28,5439,993,3.6,1854
2347167796,2016-04-29,42,6,0.03,403
2873212765,2016-04-12,8796,1440,5.91,1982
2873212765,2016-04-13,7618,1440,5.12,2004
2873212765,2016-04-14,7910,1440,5.32,1893
2873212765,2016-04-15,8482,1440,5.7,2063
2873212765,2016-04-16,9685,1440,6.65,2148
2873212765,2016-04-17,2524,1440,1.7,1529
2873212765,2016-04-18,7762,1440,5.24,1890
2873212765,2016-04-19,7948,1440,5.37,1956
2873212765,2016-04-20,9202,1440,6.3,2094
2873212765,2016-04-21,8859,1440,5.98,1970
2873212765,2016-04-22,7286,1440,4.9,2241
2873212765,2016-04-23,9317,1440,6.35,2021
2873212765,2016-04-24,6873,1440,4.68,1898
2873212765,2016-04-25,7373,1440,4.95,1907
2873212765,2016-04-26,8242,1440,5.54,1882
2873212765,2016-04-27,3516,1440,2.36,1966
2873212765,2016-04-28,7913,1440,5.41,1835
2873212765,2016-04-29,7365,1440,4.95,1780
2873212765,2016-04-30,8452,1440,5.68,1830
2873212765,2016-05-01,7399,1440,4.97,1739
2873212765,2016-05-02,7525,1440,5.06,1878
2873212765,2016-05-03,7412,1440,4.98,1906
2873212765,2016-05-04,8278,1440,5.56,2015
2873212765,2016-05-05,8314,1440,5.61,1971
2873212765,2016-05-06,7063,1440,4.75,1910
2873212765,2016-05-07,4940,1440,3.38,1897
2873212765,2016-05-08,8168,1440,5.54,2096
2873212765,2016-05-09,7726,1440,5.19,1906
2873212765,2016-05-10,8275,1440,5.56,1962
2873212765,2016-05-11,6440,1440,4.33,1826
2873212765,2016-05-12,7566,988,5.11,1431
3372868164,2016-04-12,4747,1440,3.24,1788
3372868164,2016-04-13,9715,1440,6.63,2093
3372868164,2016-04-14,8844,1440,6.03,2065
3372868164,2016-04-15,7451,1440,5.08,1908
3372868164,2016-04-16,6905,1440,4.73,1908
3372868164,2016-04-17,8199,1440,5.88,1964
3372868164,2016-04-18,6798,1440,4.64,2014
3372868164,2016-04-19,7711,1440,5.26,1985
3372868164,2016-04-20,4880,1440,3.33,1867
3372868164,2016-04-21,8857,1440,6.07,2124
3372868164,2016-04-22,3843,1440,2.62,1669
3372868164,2016-04-23,7396,1440,5.07,1995
3372868164,2016-04-24,6731,1440,4.59,1921
3372868164,2016-04-25,5995,1440,4.09,2010
3372868164,2016-04-26,8283,1440,5.79,2057
3372868164,2016-04-27,7904,1440,5.42,2095
3372868164,2016-04-28,5512,1440,3.76,1972
3372868164,2016-04-29,9135,1440,6.23,2044
3372868164,2016-04-30,5250,1440,3.58,1946
3372868164,2016-05-01,3077,1014,2.1,1237
3977333714,2016-04-12,8856,971,5.98,1450
3977333714,2016-04-13,10035,984,6.71,1495
3977333714,2016-04-14,7641,1043,5.11,1433
3977333714,2016-04-15,9010,884,6.06,1468
3977333714,2016-04-16,13459,930,9,1625
3977333714,2016-04-17,10415,874,6.97,1529
3977333714,2016-04-18,11663,918,7.8,1584
3977333714,2016-04-19,12414,1045,8.78,1638
3977333714,2016-04-20,11658,1109,7.83,1554
3977333714,2016-04-21,6093,954,4.08,1397
3977333714,2016-04-22,8911,964,5.96,1481
3977333714,2016-04-23,12058,1068,8.07,1638
3977333714,2016-04-24,14112,914,10,1655
3977333714,2016-04-25,11177,973,8.48,1570
3977333714,2016-04-26,11388,1069,7.62,1551
3977333714,2016-04-27,7193,900,5.04,1377
3977333714,2016-04-28,7114,1017,4.88,1407
3977333714,2016-04-29,10645,962,7.75,1545
3977333714,2016-04-30,13238,976,9.2,1650
3977333714,2016-05-01,10414,896,7.07,1501
3977333714,2016-05-02,16520,1056,11.05,1760
3977333714,2016-05-03,14335,940,9.59,1710
3977333714,2016-05-04,13559,1104,9.44,1628
3977333714,2016-05-05,12312,960,8.58,1618
3977333714,2016-05-06,11677,928,8.28,1590
3977333714,2016-05-07,11550,997,7.73,1574
3977333714,2016-05-08,13585,984,9.09,1633
3977333714,2016-05-09,14687,1440,10.08,1667
3977333714,2016-05-10,13072,988,8.78,1630
3977333714,2016-05-11,746,26,0.5,52
4020332650,2016-04-12,8539,1062,6.12,3654
4020332650,2016-04-14,108,1440,0.08,2011
4020332650,2016-04-15,1882,1440,1.35,2951
4020332650,2016-04-16,1982,1363,1.42,3051
4020332650,2016-04-17,16,1440,0.01,1990
4020332650,2016-04-18,62,1440,0.04,1995
4020332650,2016-05-02,475,1392,0.34,2207
4020332650,2016-05-03,4496,1124,3.22,2828
4020332650,2016-05-04,10252,936,7.35,3879
4020332650,2016-05-05,11728,1192,8.43,3429
4020332650,2016-05-06,4369,1032,3.13,2704
4020332650,2016-05-07,6132,1440,4.4,2975
4020332650,2016-05-08,5862,1038,4.2,3089
4020332650,2016-05-09,4556,1406,3.27,2785
4020332650,2016-05-10,5546,980,3.98,2926
4020332650,2016-05-11,3689,1440,2.65,2645
4020332650,2016-05-12,590,742,0.42,1120
4057192912,2016-04-12,5394,1440,4.03,2286
4057192912,2016-04-13,5974,1440,4.47,2306
4057192912,2016-04-15,3984,970,2.95,1527
4319703577,2016-04-12,7753,1440,5.2,2115
4319703577,2016-04-13,8204,1353,5.5,2135
4319703577,2016-04-14,10210,938,6.88,2302
4319703577,2016-04-15,5664,980,3.8,1985
4319703577,2016-04-16,4744,918,3.18,1884
4319703577,2016-04-17,29,1366,0.02,1464
4319703577,2016-04-18,2276,892,1.55,1632
4319703577,2016-04-19,8925,915,5.99,2200
4319703577,2016-04-20,8954,995,6.01,2220
4319703577,2016-04-21,3702,1299,2.48,1792
4319703577,2016-04-22,4500,905,3.02,1886
4319703577,2016-04-23,4935,779,3.31,1945
4319703577,2016-04-24,4081,889,2.74,1880
4319703577,2016-04-25,9259,942,6.21,2314
4319703577,2016-04-26,9899,966,6.64,2236
4319703577,2016-04-27,10780,1033,7.23,2324
4319703577,2016-04-28,10817,932,7.28,2367
4319703577,2016-04-29,7990,937,5.36,2175
4319703577,2016-04-30,8221,935,5.52,2092
4319703577,2016-05-01,1251,903,0.84,1593
4319703577,2016-05-02,9261,940,6.24,2270
4319703577,2016-05-03,9648,990,6.47,2235
4319703577,2016-05-04,10429,1440,7.02,2282
4319703577,2016-05-05,13658,1346,9.49,2530
4319703577,2016-05-06,9524,1023,6.42,2266
4319703577,2016-05-07,7937,896,5.33,2158
4319703577,2016-05-08,3672,756,2.46,1792
4319703577,2016-05-09,10378,880,6.96,2345
4319703577,2016-05-10,9487,899,6.37,2260
4319703577,2016-05-11,9129,906,6.13,2232
4319703577,2016-05-12,17,2,0.01,257
4388161847,2016-04-12,10122,1440,7.78,2955
4388161847,2016-04-13,10993,1440,8.45,3092
4388161847,2016-04-14,8863,1209,6.82,2998
4388161847,2016-04-15,8758,1136,6.73,3066
4388161847,2016-04-16,6580,877,5.06,3073
4388161847,2016-04-17,4660,922,3.58,2572
4388161847,2016-04-18,11009,1291,9.1,3274
4388161847,2016-04-19,10181,989,7.83,3015
4388161847,2016-04-20,10553,985,8.12,3083
4388161847,2016-04-21,10055,1144,7.73,3069
4388161847,2016-04-22,12139,1267,9.34,3544
4388161847,2016-04-23,13236,1027,10.18,3306
4388161847,2016-04-24,10243,845,7.88,2885
4388161847,2016-04-25,12961,1397,9.97,3288
4388161847,2016-04-26,9461,934,7.28,2929
4388161847,2016-04-27,11193,984,8.61,3074
4388161847,2016-04-28,10074,1140,7.75,2969
4388161847,2016-04-29,9232,1440,7.1,2979
4388161847,2016-04-30,12533,894,9.64,3283
4388161847,2016-05-01,10255,847,7.89,2926
4388161847,2016-05-02,10096,1176,8.4,3147
4388161847,2016-05-03,12727,1326,9.79,3290
4388161847,2016-05-04,12375,939,9.52,3162
4388161847,2016-05-05,9603,1146,7.38,2899
4388161847,2016-05-06,13175,1440,10.13,3425
4388161847,2016-05-07,22770,944,17.54,4022
4388161847,2016-05-08,17298,899,14.38,3934
4388161847,2016-05-09,10218,1303,7.86,3013
4388161847,2016-05-10,10299,942,7.92,3061
4388161847,2016-05-11,10201,1140,7.84,2954
4388161847,2016-05-12,3369,933,2.59,1623
4445114986,2016-04-12,3276,983,2.2,2113
4445114986,2016-04-13,2961,1034,1.99,2095
4445114986,2016-04-14,3974,948,2.67,2194
4445114986,2016-04-15,7198,1061,4.83,2496
4445114986,2016-04-16,3945,941,2.65,2180
4445114986,2016-04-17,2268,1333,1.52,1933
4445114986,2016-04-18,6155,1440,4.24,2248
4445114986,2016-04-19,2064,1016,1.39,1954
4445114986,2016-04-20,2072,978,1.39,1974
4445114986,2016-04-21,3809,971,2.56,2150
4445114986,2016-04-22,6831,1023,4.58,2432
4445114986,2016-04-23,4363,1440,2.93,2149
4445114986,2016-04-24,5002,1440,3.36,2247
4445114986,2016-04-25,3385,1095,2.27,2070
4445114986,2016-04-26,6326,1049,4.41,2291
4445114986,2016-04-27,7243,1066,5.03,2361
4445114986,2016-04-28,4493,998,3.01,2203
4445114986,2016-04-29,4676,1332,3.14,2196
4445114986,2016-04-30,6222,1087,4.18,2363
4445114986,2016-05-01,5232,981,3.51,2246
4445114986,2016-05-02,6910,898,4.75,2336
4445114986,2016-05-03,7502,990,5.18,2421
4445114986,2016-05-04,2923,1077,1.96,2070
4445114986,2016-05-05,3800,927,2.55,2120
4445114986,2016-05-06,4514,1038,3.03,2211
4445114986,2016-05-07,5183,1004,3.59,2123
4445114986,2016-05-08,7303,1049,4.9,2423
4445114986,2016-05-09,5275,907,3.54,2281
4445114986,2016-05-10,3915,1014,2.63,2181
4445114986,2016-05-11,9105,910,6.11,2499
4445114986,2016-05-12,768,438,0.52,1212
4558609924,2016-04-12,5135,1440,3.39,1909
4558609924,2016-04-13,4978,1440,3.29,1722
4558609924,2016-04-14,6799,1440,4.49,1922
4558609924,2016-04-15,7795,1440,5.15,2121
4558609924,2016-04-16,7289,1440,4.82,1997
4558609924,2016-04-17,9634,1440,6.4,2117
4558609924,2016-04-18,8940,1440,5.91,2116
4558609924,2016-04-19,5401,1440,3.57,1876
4558609924,2016-04-20,4803,1440,3.17,1788
4558609924,2016-04-21,13743,1303,9.08,2486
4558609924,2016-04-22,9601,1440,6.35,2094
4558609924,2016-04-23,6890,1440,4.55,2085
4558609924,2016-04-24,8563,1440,5.66,2173
4558609924,2016-04-25,8095,1361,5.35,2225
4558609924,2016-04-26,9148,1398,6.05,2223
4558609924,2016-04-27,9557,1440,6.32,2098
4558609924,2016-04-28,9451,1364,6.25,2185
4558609924,2016-04-29,7833,1337,5.18,1918
4558609924,2016-04-30,10319,1440,6.82,2105
4558609924,2016-05-01,3428,1311,2.27,1692
4558609924,2016-05-02,7891,1440,5.22,2066
4558609924,2016-05-03,5267,1440,3.48,1953
4558609924,2016-05-04,5232,1440,3.46,1842
4558609924,2016-05-05,10611,1440,7.01,2262
4558609924,2016-05-06,3755,1440,2.48,1722
4558609924,2016-05-07,8237,1388,5.44,1973
4558609924,2016-05-08,6543,1358,4.33,2666
4558609924,2016-05-09,11451,1440,7.57,2223
4558609924,2016-05-10,6435,1440,4.25,1889
4558609924,2016-05-11,9108,1440,6.02,2131
4558609924,2016-05-12,6307,983,4.17,1452
4702921684,2016-04-12,7213,981,5.88,2947
4702921684,2016-04-13,6877,1035,5.58,2898
4702921684,2016-04-14,7860,1043,6.37,2984
4702921684,2016-04-15,6506,1209,5.28,2896
4702921684,2016-04-16,11140,918,9.03,3328
4702921684,2016-04-17,12692,817,10.29,3394
4702921684,2016-04-18,9105,1133,7.38,3013
4702921684,2016-04-19,6708,954,5.44,2812
4702921684,2016-04-20,8793,1008,7.13,3061
4702921684,2016-04-21,6530,1090,5.3,2729
4702921684,2016-04-22,1664,1413,1.35,2241
4702921684,2016-04-23,15126,952,12.27,3691
4702921684,2016-04-24,15050,933,12.22,3538
4702921684,2016-04-25,9167,1021,7.43,3064
4702921684,2016-04-26,6108,990,4.95,2784
4702921684,2016-04-27,7047,988,5.72,2908
4702921684,2016-04-28,9023,993,7.32,3033
4702921684,2016-04-29,9930,990,8.05,3165
4702921684,2016-04-30,10144,1031,8.23,3115
4702921684,2016-05-02,7245,1371,5.92,2859
4702921684,2016-05-03,9454,1042,7.67,3145
4702921684,2016-05-04,8161,1027,6.62,3004
4702921684,2016-05-05,8614,999,6.99,3006
4702921684,2016-05-06,6943,906,5.63,2859
4702921684,2016-05-07,14370,1067,11.65,3683
4702921684,2016-05-08,12857,1345,10.43,3287
4702921684,2016-05-09,8232,1011,6.68,2990
4702921684,2016-05-10,10613,1001,8.61,3172
4702921684,2016-05-11,9810,1070,7.96,3069
4702921684,2016-05-12,2752,309,2.23,1240
5553957443,2016-04-12,11596,1076,7.57,2026
5553957443,2016-04-13,4832,873,3.16,1718
5553957443,2016-04-14,17022,1051,11.12,2324
5553957443,2016-04-15,16556,1024,10.86,2254
5553957443,2016-04-16,5771,809,3.77,1831
5553957443,2016-04-17,655,989,0.43,1397
5553957443,2016-04-18,3727,828,2.43,1683
5553957443,2016-04-19,15482,1102,10.11,2284
5553957443,2016-04-20,2713,746,1.77,1570
5553957443,2016-04-21,12346,1067,8.06,2066
5553957443,2016-04-22,11682,1092,7.63,2105
5553957443,2016-04-23,4112,715,2.69,1776
5553957443,2016-04-24,1807,686,1.18,1507
5553957443,2016-04-25,10946,995,7.19,2033
5553957443,2016-04-26,11886,1046,7.76,2093
5553957443,2016-04-27,10538,983,6.88,1922
5553957443,2016-04-28,11393,954,7.63,1999
5553957443,2016-04-29,12764,1040,8.33,2169
5553957443,2016-04-30,1202,590,0.78,1463
5553957443,2016-05-01,5164,673,3.37,1747
5553957443,2016-05-02,9769,983,6.38,1996
5553957443,2016-05-03,12848,1114,8.39,2116
5553957443,2016-05-04,4249,875,2.77,1698
5553957443,2016-05-05,14331,1006,9.51,2156
5553957443,2016-05-06,9632,1020,6.29,1916
5553957443,2016-05-07,1868,998,1.22,1494
5553957443,2016-05-08,6083,726,4,1762
5553957443,2016-05-09,11611,999,7.58,2272
5553957443,2016-05-10,16358,1073,10.71,2335
5553957443,2016-05-11,4926,823,3.22,1693
5553957443,2016-05-12,3121,284,2.04,741
5577150313,2016-04-12,8135,970,6.08,3405
5577150313,2016-04-13,5077,946,3.79,2551
5577150313,2016-04-14,8596,986,6.42,4022
5577150313,2016-04-15,12087,1063,9.08,4005
5577150313,2016-04-16,14269,870,10.66,4274
5577150313,2016-04-17,12231,921,9.14,4552
5577150313,2016-04-18,9893,899,7.39,3625
5577150313,2016-04-19,12574,975,9.42,3501
5577150313,2016-04-20,8330,989,6.22,3192
5577150313,2016-04-21,10830,1029,8.09,4018
5577150313,2016-04-22,9172,1115,6.85,3329
5577150313,2016-04-23,7638,898,5.71,3152
5577150313,2016-04-24,15764,841,11.78,4392
5577150313,2016-04-25,6393,1056,4.78,3374
5577150313,2016-04-26,5325,1010,3.98,3088
5577150313,2016-04-27,6805,1042,5.14,3294
5577150313,2016-04-28,9841,983,7.43,3580
5577150313,2016-04-29,7924,1037,5.92,3544
5577150313,2016-04-30,12363,1036,9.24,4501
5577150313,2016-05-01,13368,943,9.99,4546
5577150313,2016-05-02,7439,1024,5.56,3014
5577150313,2016-05-03,11045,897,8.25,3795
5577150313,2016-05-04,5206,806,3.89,2755
5577150313,2016-05-05,7550,1362,5.64,3004
5577150313,2016-05-06,4950,1440,3.7,2643
5577150313,2016-05-09,3421,1214,2.56,2489
5577150313,2016-05-10,8869,974,6.65,3841
5577150313,2016-05-11,4038,380,3.04,1665
6117666160,2016-04-15,14019,1440,10.59,2865
6117666160,2016-04-16,14450,1042,10.91,2828
6117666160,2016-04-17,7150,1014,5.4,2225
6117666160,2016-04-18,5153,1000,3.91,2018
6117666160,2016-04-19,11135,905,8.41,2606
6117666160,2016-04-20,10449,972,8.02,2536
6117666160,2016-04-21,19542,903,15.01,4900
6117666160,2016-04-22,8206,815,6.2,2409
6117666160,2016-04-23,11495,980,8.68,2651
6117666160,2016-04-24,7623,1073,5.76,2305
6117666160,2016-04-26,9543,1436,7.21,2450
6117666160,2016-04-27,9411,875,7.11,2576
6117666160,2016-04-28,3403,899,2.6,1879
6117666160,2016-04-29,9592,940,7.24,2560
6117666160,2016-04-30,6987,1383,5.28,2275
6117666160,2016-05-01,8915,922,6.73,2361
6117666160,2016-05-02,4933,1440,3.73,2044
6117666160,2016-05-04,2997,1435,2.26,1902
6117666160,2016-05-05,9799,966,7.4,2636
6117666160,2016-05-06,3365,806,2.68,1838
6117666160,2016-05-07,7336,868,5.54,2469
6117666160,2016-05-08,7328,835,5.53,2250
6117666160,2016-05-09,4477,322,3.38,1248
6290855005,2016-04-12,4562,1440,3.45,2560
6290855005,2016-04-13,7142,1440,5.4,2905
6290855005,2016-04-14,7671,1440,5.8,2952
6290855005,2016-04-15,9501,1440,7.18,2896
6290855005,2016-04-16,8301,1440,6.28,2783
6290855005,2016-04-17,7851,1440,5.94,3171
6290855005,2016-04-18,6885,1440,5.21,2766
6290855005,2016-04-19,7142,1440,5.4,2839
6290855005,2016-04-20,6361,1440,4.81,2701
6290855005,2016-04-22,6238,1440,4.72,2796
6290855005,2016-04-24,5896,1440,4.46,2703
6290855005,2016-04-25,7802,1440,5.9,2771
6290855005,2016-04-27,5565,1440,4.21,2743
6290855005,2016-04-28,5731,1440,4.33,2687
6290855005,2016-04-30,6744,1440,5.1,2843
6290855005,2016-05-01,9837,1440,7.44,3327
6290855005,2016-05-02,6781,1440,5.13,2725
6290855005,2016-05-03,6047,1440,4.57,2671
6290855005,2016-05-04,5832,1440,4.41,2718
6290855005,2016-05-05,6339,1440,4.79,2682
6290855005,2016-05-06,6116,1440,4.62,2806
6290855005,2016-05-07,5510,1440,4.17,2613
6290855005,2016-05-08,7706,1440,5.83,2712
6290855005,2016-05-09,6277,1064,4.75,2175
6775888955,2016-04-13,4053,1173,2.91,2400
6775888955,2016-04-14,5162,1006,3.7,2507
6775888955,2016-04-15,1282,1034,0.92,2127
6775888955,2016-04-16,4732,1440,3.39,2225
6775888955,2016-04-17,2497,1440,1.79,2067
6775888955,2016-04-18,8294,1440,5.95,2798
6775888955,2016-04-20,10771,1440,7.72,3727
6775888955,2016-04-22,637,1440,0.46,1922
6775888955,2016-04-24,2153,1440,1.54,2053
6775888955,2016-04-25,6474,1440,4.64,2484
6775888955,2016-04-26,7091,1440,5.27,2584
6775888955,2016-04-28,703,1440,0.5,1993
6775888955,2016-04-30,2503,1440,1.79,2280
6775888955,2016-05-01,2487,1440,1.78,2319
6775888955,2016-05-03,9,1440,0.01,1843
6775888955,2016-05-06,4697,1440,3.37,2496
6775888955,2016-05-07,1967,607,1.41,1032
6962181067,2016-04-12,10199,1049,6.74,1994
6962181067,2016-04-13,5652,722,3.74,1718
6962181067,2016-04-14,1551,948,1.03,1466
6962181067,2016-04-15,5563,1054,3.68,1756
6962181067,2016-04-16,13217,1074,8.74,2173
6962181067,2016-04-17,10145,947,6.71,2027
6962181067,2016-04-18,11404,982,7.54,2039
6962181067,2016-04-19,10742,930,7.1,2046
6962181067,2016-04-20,13928,988,9.55,2174
6962181067,2016-04-21,11835,1002,9.71,2179
6962181067,2016-04-22,10725,962,7.09,2086
6962181067,2016-04-23,20031,930,13.24,2571
6962181067,2016-04-24,5029,919,3.32,1705
6962181067,2016-04-25,13239,985,9.27,2194
6962181067,2016-04-26,10433,977,6.9,2012
6962181067,2016-04-27,10320,1021,6.82,2034
6962181067,2016-04-28,12627,955,8.35,2182
6962181067,2016-04-29,10762,1041,7.11,2254
6962181067,2016-04-30,10081,1016,6.66,2002
6962181067,2016-05-01,5454,937,3.61,1740
6962181067,2016-05-02,12912,1025,8.54,2162
6962181067,2016-05-03,12109,978,8.12,2072
6962181067,2016-05-04,10147,1018,6.71,2086
6962181067,2016-05-05,10524,932,6.96,2066
6962181067,2016-05-06,5908,1016,3.91,1850
6962181067,2016-05-07,6815,1073,4.5,1947
6962181067,2016-05-08,4188,874,2.77,1659
6962181067,2016-05-09,12342,902,8.72,2105
6962181067,2016-05-10,15448,997,10.21,2361
6962181067,2016-05-11,6722,939,4.44,1855
6962181067,2016-05-12,3587,240,2.37,928
7007744171,2016-04-12,14172,1440,10.29,2937
7007744171,2016-04-13,12862,1440,9.65,2742
7007744171,2016-04-14,11179,1440,8.24,2668
7007744171,2016-04-15,5273,1440,3.53,2098
7007744171,2016-04-16,4631,1358,3.1,2076
7007744171,2016-04-17,8059,1440,5.39,2383
7007744171,2016-04-18,14816,1440,10.98,2832
7007744171,2016-04-19,14194,1440,10.48,2812
7007744171,2016-04-20,15566,1440,11.31,3096
7007744171,2016-04-21,13744,1440,9.19,2763
7007744171,2016-04-22,15299,1440,10.24,2889
7007744171,2016-04-23,8093,1440,5.41,2284
7007744171,2016-04-24,11085,1440,7.42,2667
7007744171,2016-04-25,18229,1440,13.34,3055
7007744171,2016-04-26,15090,1440,10.1,2939
7007744171,2016-04-27,13541,1440,10.22,2830
7007744171,2016-04-28,15128,1440,10.12,2836
7007744171,2016-04-29,20067,1440,14.3,3180
7007744171,2016-04-30,3761,1440,2.52,2051
7007744171,2016-05-01,5600,1379,3.75,2225
7007744171,2016-05-02,13041,1440,9.18,2642
7007744171,2016-05-03,14510,1440,10.87,2976
7007744171,2016-05-05,15010,1440,11.1,2933
7007744171,2016-05-06,11459,1440,7.67,2553
7086361926,2016-04-12,11317,963,8.41,2772
7086361926,2016-04-13,5813,956,3.62,2516
7086361926,2016-04-14,9123,1043,6.12,2734
7086361926,2016-04-15,8585,1054,5.67,2395
7086361926,2016-04-16,31,1440,0.01,1635
7086361926,2016-04-18,9827,1362,6.71,2743
7086361926,2016-04-19,10688,931,7.29,2944
7086361926,2016-04-20,14365,1042,10.64,2997
7086361926,2016-04-21,9469,989,6.18,2463
7086361926,2016-04-22,9753,1032,6.53,2846
7086361926,2016-04-23,2817,1440,1.81,1965
7086361926,2016-04-24,3520,691,2.16,2049
7086361926,2016-04-25,10091,943,6.82,2752
7086361926,2016-04-26,10387,961,7.07,2781
7086361926,2016-04-27,11107,1035,8.34,2693
7086361926,2016-04-28,11584,1073,7.8,2862
7086361926,2016-04-29,7881,1440,4.95,2616
7086361926,2016-04-30,14560,951,9.41,2995
7086361926,2016-05-01,12390,988,8.07,2730
7086361926,2016-05-02,10052,968,6.81,2754
7086361926,2016-05-03,10288,1006,6.76,2754
7086361926,2016-05-04,10988,1035,8.31,2655
7086361926,2016-05-05,8564,1440,5.6,2386
7086361926,2016-05-06,12461,1107,8.38,2924
7086361926,2016-05-07,12827,892,8.48,2739
7086361926,2016-05-08,10677,901,7.1,2534
7086361926,2016-05-09,13566,1031,9.11,2960
7086361926,2016-05-10,14433,1383,10.79,2800
7086361926,2016-05-11,9572,982,6.52,2735
7086361926,2016-05-12,3789,410,2.56,1199
8053475328,2016-04-12,18060,1440,14.12,3186
8053475328,2016-04-13,16433,1440,13.35,3140
8053475328,2016-04-14,20159,1440,15.97,3411
8053475328,2016-04-15,20669,1440,16.24,3410
8053475328,2016-04-16,14549,1440,11.11,2867
8053475328,2016-04-17,18827,1440,13.69,3213
8053475328,2016-04-18,17076,1440,12.66,3133
8053475328,2016-04-19,15929,1440,12.48,3114
8053475328,2016-04-20,15108,947,12.19,3043
8053475328,2016-04-21,16057,1440,12.51,3103
8053475328,2016-04-22,10520,1440,8.29,2655
8053475328,2016-04-23,22359,1103,17.19,3554
8053475328,2016-04-24,22988,1440,17.95,3577
8053475328,2016-04-25,20500,1440,15.69,3403
8053475328,2016-04-26,12685,1440,9.62,2846
8053475328,2016-04-27,12422,1440,9.82,2852
8053475328,2016-04-28,15447,1440,12.4,3062
8053475328,2016-04-29,12315,1440,9.65,2794
8053475328,2016-04-30,7135,1440,5.59,2408
8053475328,2016-05-01,1170,1440,0.85,1886
8053475328,2016-05-02,1969,1440,1.43,1988
8053475328,2016-05-03,15484,1440,11.9,3023
8053475328,2016-05-04,14581,1440,11.15,2918
8053475328,2016-05-05,14990,1440,11.51,2950
8053475328,2016-05-06,13953,1440,11,2859
8053475328,2016-05-07,19769,1365,15.67,3331
8053475328,2016-05-08,22026,1440,17.65,3589
8053475328,2016-05-09,12465,1440,9.38,2765
8053475328,2016-05-10,14810,1440,11.36,2926
8053475328,2016-05-11,12209,1440,9.4,2809
8053475328,2016-05-12,4998,910,3.91,1505
8253242879,2016-04-12,9033,1440,7.16,2044
8253242879,2016-04-13,8053,1440,6.1,1935
8253242879,2016-04-14,5234,1440,3.46,1705
8253242879,2016-04-15,2672,1440,1.77,1632
8253242879,2016-04-16,9256,1440,6.14,1880
8253242879,2016-04-17,10204,1440,7.91,2112
8253242879,2016-04-18,5151,1440,3.48,1829
8253242879,2016-04-19,4212,1440,2.78,1763
8253242879,2016-04-20,6466,1440,4.27,1931
8253242879,2016-04-21,11268,1440,8.56,2218
8253242879,2016-04-22,2824,1440,1.87,1651
8253242879,2016-04-23,9282,1440,6.26,2132
8253242879,2016-04-24,8905,1440,7.13,1976
8253242879,2016-04-25,6829,1440,4.51,1909
8253242879,2016-04-26,4562,1440,3.04,1813
8253242879,2016-04-27,10232,1440,8.18,2008
8253242879,2016-04-28,2718,1440,1.8,1580
8253242879,2016-04-29,6260,1423,4.26,1854
8378563200,2016-04-12,7626,959,6.05,3635
8378563200,2016-04-13,12386,979,9.82,4079
8378563200,2016-04-14,13318,1017,10.56,4163
8378563200,2016-04-15,14461,1002,11.47,3666
8378563200,2016-04-16,11207,790,8.89,3363
8378563200,2016-04-17,2132,692,1.69,2572
8378563200,2016-04-18,13630,1021,10.81,4157
8378563200,2016-04-19,13070,1030,10.36,4092
8378563200,2016-04-20,9388,1022,7.44,3787
8378563200,2016-04-21,15148,975,12.01,4236
8378563200,2016-04-22,12200,1053,9.67,4044
8378563200,2016-04-23,5709,905,4.53,2908
8378563200,2016-04-24,3703,869,2.94,2741
8378563200,2016-04-25,12405,966,9.84,4005
8378563200,2016-04-26,16208,862,12.85,3763
8378563200,2016-04-27,7359,876,5.84,3061
8378563200,2016-04-28,5417,871,4.3,2884
8378563200,2016-04-29,6175,949,4.9,2982
8378563200,2016-04-30,2946,901,2.34,2660
8378563200,2016-05-01,11419,877,9.06,3369
8378563200,2016-05-02,6064,1011,4.81,3491
8378563200,2016-05-03,8712,1108,6.91,3784
8378563200,2016-05-04,7875,876,6.24,3110
8378563200,2016-05-05,8567,1047,6.79,3783
8378563200,2016-05-06,7045,1076,5.59,3644
8378563200,2016-05-07,4468,1009,3.54,2799
8378563200,2016-05-08,2943,760,2.33,2685
8378563200,2016-05-09,8382,1027,6.65,3721
8378563200,2016-05-10,6582,1068,5.22,3586
8378563200,2016-05-11,9143,1029,7.25,3788
8378563200,2016-05-12,4561,549,3.62,1976
8583815059,2016-04-12,5014,1440,3.91,2650
8583815059,2016-04-13,5571,1440,4.35,2654
8583815059,2016-04-14,3135,1440,2.45,2443
8583815059,2016-04-15,3430,1440,2.68,2505
8583815059,2016-04-16,5319,1440,4.15,2693
8583815059,2016-04-17,3008,1440,2.35,2439
8583815059,2016-04-18,3864,1440,3.01,2536
8583815059,2016-04-19,5697,1440,4.44,2668
8583815059,2016-04-20,5273,1440,4.11,2647
8583815059,2016-04-21,8538,1440,6.66,2883
8583815059,2016-04-22,8687,1440,6.78,2944
8583815059,2016-04-23,9423,1440,7.35,3012
8583815059,2016-04-24,8286,1440,6.46,2889
8583815059,2016-04-25,4503,1440,3.51,2547
8583815059,2016-04-26,10499,1440,8.19,3093
8583815059,2016-04-27,12474,1440,9.73,3142
8583815059,2016-04-28,6174,1440,4.82,2757
8583815059,2016-04-29,15168,1440,11.83,3513
8583815059,2016-04-30,10085,1440,7.87,3164
8583815059,2016-05-01,4512,1440,3.52,2596
8583815059,2016-05-02,8469,1440,6.61,2894
8583815059,2016-05-03,12015,1440,9.37,3212
8583815059,2016-05-04,3588,1440,2.8,2516
8583815059,2016-05-05,12427,1440,9.69,3266
8583815059,2016-05-06,5843,1440,4.56,2683
8583815059,2016-05-07,6117,1440,4.77,2810
8583815059,2016-05-08,9217,1440,7.19,2940
8583815059,2016-05-09,9877,1440,7.7,2947
8583815059,2016-05-10,8240,1440,6.43,2846
8583815059,2016-05-11,8701,1359,6.79,2804
8792009665,2016-04-12,2564,947,1.64,2044
8792009665,2016-04-13,1320,888,0.84,1934
8792009665,2016-04-14,1219,937,0.78,1963
8792009665,2016-04-15,2483,1063,1.59,2009
8792009665,2016-04-16,244,1440,0.16,1721
8792009665,2016-04-20,3147,893,2.01,2188
8792009665,2016-04-21,144,1440,0.09,1720
8792009665,2016-04-22,4068,1033,2.6,2419
8792009665,2016-04-23,5245,1080,3.36,2748
8792009665,2016-04-24,400,1440,0.26,1799
8792009665,2016-04-26,1321,1440,0.85,1928
8792009665,2016-04-27,1758,1012,1.13,2067
8792009665,2016-04-28,6157,1024,3.94,2780
8792009665,2016-04-29,8360,1034,5.35,3101
8792009665,2016-04-30,7174,1080,4.59,2896
8792009665,2016-05-01,1619,913,1.04,1962
8792009665,2016-05-02,1831,1017,1.17,2015
8792009665,2016-05-03,2421,895,1.55,2297
8792009665,2016-05-04,2283,977,1.46,2067
8877689391,2016-04-12,23186,1440,20.4,3921
8877689391,2016-04-13,15337,1440,9.58,3566
8877689391,2016-04-14,21129,1440,18.98,3793
8877689391,2016-04-15,13422,1440,7.17,3934
8877689391,2016-04-16,29326,1440,25.29,4547
8877689391,2016-04-17,15118,1440,8.87,3545
8877689391,2016-04-18,11423,1440,8.67,2761
8877689391,2016-04-19,18785,1440,17.4,3676
8877689391,2016-04-20,19948,1440,18.11,3679
8877689391,2016-04-21,19377,1440,17.62,3659
8877689391,2016-04-22,18258,1440,16.31,3427
8877689391,2016-04-23,11200,1440,7.43,3891
8877689391,2016-04-24,16674,1440,15.74,3455
8877689391,2016-04-25,12986,1440,8.74,3802
8877689391,2016-04-26,11101,1440,8.43,2860
8877689391,2016-04-27,23629,1440,20.65,3808
8877689391,2016-04-28,14890,1440,11.3,3060
8877689391,2016-04-29,9733,1440,7.39,2698
8877689391,2016-04-30,27745,1440,26.72,4398
8877689391,2016-05-01,10930,1440,8.32,2786
8877689391,2016-05-02,4790,1440,3.64,2189
8877689391,2016-05-03,10818,1440,8.21,2817
8877689391,2016-05-04,18193,1440,16.3,3477
8877689391,2016-05-05,14055,1440,10.67,3052
8877689391,2016-05-06,21727,1440,19.34,4015
8877689391,2016-05-07,12332,1440,8.13,4142
8877689391,2016-05-08,10686,1440,8.11,2847
8877689391,2016-05-09,20226,1440,18.25,3710
8877689391,2016-05-10,10733,1440,8.15,2832
8877689391,2016-05-11,21420,1440,19.56,3832
8877689391,2016-05-12,8064,931,6.12,1849
