ID, Date, Sedentary_Minutes, Lightly_Active_Minutes, Fairly_Active_Minutes, Very_Active_Minutes, Sedentary_Active_Distance, Light_Active_Distance, Moderately_Active_Distance, Very_Active_Distance
1503960366,2016-04-12,728,328,13,25,0,6.06,0.55,1.88
1503960366,2016-04-13,776,217,19,21,0,4.71,0.69,1.57
1503960366,2016-04-14,1218,181,11,30,0,3.91,0.4,2.44
1503960366,2016-04-15,726,209,34,29,0,2.83,1.26,2.14
1503960366,2016-04-16,773,221,10,36,0,5.04,0.41,2.71
1503960366,2016-04-17,539,164,20,38,0,2.51,0.78,3.19
1503960366,2016-04-18,1149,233,16,42,0,4.71,0.64,3.25
1503960366,2016-04-19,775,264,31,50,0,5.03,1.32,3.53
1503960366,2016-04-20,818,205,12,28,0,4.24,0.48,1.96
1503960366,2016-04-21,838,211,8,19,0,4.65,0.35,1.34
1503960366,2016-04-22,1217,130,27,66,0,2.24,1.12,4.76
1503960366,2016-04-23,732,262,21,41,0,5.36,0.87,2.81
1503960366,2016-04-24,709,238,5,39,0,3.28,0.21,2.92
1503960366,2016-04-25,814,216,14,73,0,3.94,0.57,5.29
1503960366,2016-04-26,833,279,23,31,0,5.54,0.92,2.33
1503960366,2016-04-27,1108,243,11,78,0,5.41,0.41,6.4
1503960366,2016-04-28,782,189,28,48,0,3.79,1.16,3.54
1503960366,2016-04-29,815,243,12,16,0,5.58,0.5,1.06
1503960366,2016-04-30,712,217,34,52,0,4.27,1.42,3.56
1503960366,2016-05-01,730,246,35,33,0,2.92,1.6,2.29
1503960366,2016-05-02,798,277,15,41,0,5.92,0.57,3.21
1503960366,2016-05-03,816,254,24,50,0,4.88,1.05,3.73
1503960366,2016-05-04,1179,203,22,36,0,3.82,0.87,2.46
1503960366,2016-05-05,857,250,24,45,0,4.88,1.08,2.92
1503960366,2016-05-06,754,289,6,24,0,5.81,0.25,1.97
1503960366,2016-05-07,833,175,46,37,0,3.13,2.12,2.46
1503960366,2016-05-08,574,203,8,44,0,2.73,0.32,3.53
1503960366,2016-05-09,835,206,11,46,0,3.74,0.53,3.45
1503960366,2016-05-10,746,214,31,46,0,3.26,1.16,3.35
1503960366,2016-05-11,669,251,23,36,0,4.55,1.01,2.56
1624580081,2016-04-12,1294,146,0,0,0,5.31,0,0
1624580081,2016-04-13,1292,148,0,0,0,4.55,0,0
1624580081,2016-04-14,1204,236,0,0,0.01,5.91,0,0
1624580081,2016-04-15,1344,96,0,0,0,0.97,0,0
1624580081,2016-04-16,1264,176,0,0,0,3.49,0,0
1624580081,2016-04-17,1276,127,22,15,0.01,1.49,1.52,1.03
1624580081,2016-04-18,1214,202,7,17,0.01,4.62,0.62,2.15
1624580081,2016-04-19,1299,141,0,0,0,1.9,0,0
1624580081,2016-04-20,1289,151,0,0,0,3.23,0,0
1624580081,2016-04-21,1254,186,0,0,0.02,4.11,0,0
1624580081,2016-04-22,1241,199,0,0,0,2.6,0,0
1624580081,2016-04-23,1213,227,0,0,0.01,5.54,0,0
1624580081,2016-04-24,1221,185,18,16,0,1.89,0.91,1.15
1624580081,2016-04-25,1238,202,0,0,0.02,4.2,0,0
1624580081,2016-04-26,1300,140,0,0,0.01,1.83,0,0
1624580081,2016-04-27,1233,154,36,17,0,2.46,1.87,1.11
1624580081,2016-04-28,1320,115,5,0,0,1.6,0.2,0
1624580081,2016-04-29,1290,150,0,0,0,1.55,0,0
1624580081,2016-04-30,1182,224,23,11,0.01,2.12,1.28,0.9
1624580081,2016-05-01,1020,171,63,186,0.02,1.91,4.19,21.92
1624580081,2016-05-02,1261,166,6,7,0,3.47,0.59,0.86
1624580081,2016-05-03,1344,96,0,0,0.02,1.34,0,0
1624580081,2016-05-04,1322,118,0,0,0,1.42,0,0
1624580081,2016-05-05,1323,117,0,0,0.02,1.58,0,0
1624580081,2016-05-06,1338,102,0,0,0.01,1.12,0,0
1624580081,2016-05-07,1258,182,0,0,0,1.37,0,0
1624580081,2016-05-08,1288,152,0,0,0,2.22,0,0
1624580081,2016-05-09,1349,91,0,0,0,1.13,0,0
1624580081,2016-05-10,1301,139,0,0,0.01,1.92,0,0
1624580081,2016-05-11,1328,112,0,0,0,2.04,0,0
1624580081,2016-05-12,890,107,0,0,0.01,1.92,0,0
1644430081,2016-04-12,1131,256,51,2,0,5.33,2.3,0.14
1644430081,2016-04-13,1259,135,16,30,0,2.64,0.9,2.28
1644430081,2016-04-14,1125,252,58,5,0,5.1,2.56,0.36
1644430081,2016-04-15,1263,170,4,3,0,3.45,0.15,0.22
1644430081,2016-04-16,1135,212,42,51,0,5.09,1.88,4.1
1644430081,2016-04-17,1212,186,13,29,0,3.55,0.57,2.25
1644430081,2016-04-18,1271,121,33,15,0,2.45,1.67,1.07
1644430081,2016-04-19,1099,278,58,5,0,5.3,2.53,0.36
1644430081,2016-04-20,1315,125,0,0,0.01,1.76,0,0
1644430081,2016-04-21,1402,38,0,0,0.01,0.88,0,0
1644430081,2016-04-22,1354,86,0,0,0.01,2.66,0,0
1644430081,2016-04-23,1265,160,15,0,0,4.25,0.58,0
1644430081,2016-04-24,1351,89,0,0,0,2.41,0,0
1644430081,2016-04-25,1337,94,1,8,0,1.95,0.06,0.59
1644430081,2016-04-26,1165,223,41,11,0,4.69,1.72,0.8
1644430081,2016-04-27,1322,118,0,0,0,2.2,0,0
1644430081,2016-04-28,1157,227,53,3,0,4.31,2.32,0.2
1644430081,2016-04-29,1193,120,0,0,0,2.31,0,0
1644430081,2016-04-30,816,402,71,9,0,9.46,3.14,0.63
1644430081,2016-05-01,908,146,24,3,0,3.23,0.99,0.24
1644430081,2016-05-02,682,148,7,1,0,2.35,0.31,0.07
1644430081,2016-05-03,1115,221,94,10,0,4.54,4.09,0.72
1644430081,2016-05-04,1388,52,0,0,0.02,1.66,0,0
1644430081,2016-05-05,1341,81,12,6,0.01,2.13,0.54,0.52
1644430081,2016-05-06,1054,369,6,11,0.02,6.01,0.27,0.82
1644430081,2016-05-07,1139,243,17,41,0.01,5.67,0.79,3.26
1644430081,2016-05-08,991,295,0,0,0,4.88,0,0
1644430081,2016-05-09,1099,303,6,32,0.01,2.09,0.35,2.39
1644430081,2016-05-10,1254,155,19,12,0.01,4.97,0.81,0.88
1644430081,2016-05-11,713,49,0,0,0.01,0.95,0,0
1844505072,2016-04-12,1101,339,0,0,0,4.43,0,0
1844505072,2016-04-13,1192,248,0,0,0,3.26,0,0
1844505072,2016-04-14,843,373,0,0,0,5.23,0,0
1844505072,2016-04-15,527,176,0,0,0,2.54,0,0
1844505072,2016-04-16,1293,147,0,0,0,2.26,0,0
1844505072,2016-04-17,1231,199,8,2,0,2.59,0.26,0.14
1844505072,2016-04-18,1211,217,12,0,0,2.56,0.48,0
1844505072,2016-04-19,1430,10,0,0,0,0.13,0,0
1844505072,2016-04-20,1439,1,0,0,0,0.01,0,0
1844505072,2016-04-21,1117,308,13,2,0,4.68,0.52,0.12
1844505072,2016-04-22,1220,220,0,0,0,3.55,0,0
1844505072,2016-04-23,1301,139,0,0,0,2.36,0,0
1844505072,2016-04-28,1138,302,0,0,0,4.56,0,0
1844505072,2016-04-29,1082,247,0,0,0,3.25,0,0
1844505072,2016-04-30,218,184,0,0,0,2.65,0,0
1844505072,2016-05-01,585,75,7,0,0,1.45,0.26,0
1844505072,2016-05-03,1256,184,0,0,0,2.68,0,0
1844505072,2016-05-04,1353,87,0,0,0,1.37,0,0
1844505072,2016-05-05,1320,120,0,0,0,1.48,0,0
1844505072,2016-05-06,1438,2,0,0,0,0.03,0,0
1927972279,2016-04-12,734,55,0,0,0,0.47,0,0
1927972279,2016-04-13,986,32,0,0,0,0.25,0,0
1927972279,2016-04-14,1292,88,9,0,0,1.1,0.4,0
1927972279,2016-04-15,941,51,0,0,0,0.68,0,0
1927972279,2016-04-18,1423,17,0,0,0,0.17,0,0
1927972279,2016-04-22,1430,10,0,0,0,0.1,0,0
1927972279,2016-04-23,1295,145,0,0,0,2.04,0,0
1927972279,2016-04-24,1358,75,6,1,0,1.14,0.24,0.07
1927972279,2016-04-25,1303,12,0,0,0,0.11,0,0
1927972279,2016-04-26,1058,192,0,0,0,2.6,0,0
1927972279,2016-04-28,1167,95,0,0,0,1.16,0,0
1927972279,2016-05-01,1355,70,1,14,0,0.83,0.03,1.01
1927972279,2016-05-02,1322,94,8,16,0,1.16,0.3,1.16
1927972279,2016-05-03,1413,17,0,10,0,0.18,0,0.73
1927972279,2016-05-04,1353,87,0,0,0,1.24,0,0
1927972279,2016-05-06,1332,108,0,0,0,1.45,0,0
1927972279,2016-05-07,1392,48,0,0,0,1.04,0,0
2022484408,2016-04-12,1157,227,14,42,0,4.26,0.77,3.31
2022484408,2016-04-13,1100,292,5,43,0,5.41,0.1,2.99
2022484408,2016-04-14,1148,257,3,32,0,4.82,0.21,2.48
2022484408,2016-04-15,1122,282,9,27,0,5.78,0.31,1.94
2022484408,2016-04-16,1237,151,11,41,0,3.39,0.55,3.15
2022484408,2016-04-17,1052,331,29,28,0,6.88,0.66,3.87
2022484408,2016-04-18,1078,311,3,48,0,6.3,0.12,3.64
2022484408,2016-04-19,1152,250,7,31,0,5,0.24,3.29
2022484408,2016-04-20,1053,276,63,48,0,5.4,1.93,3.34
2022484408,2016-04-21,1028,255,53,104,0,4.31,1.11,3.33
2022484408,2016-04-22,1105,273,10,52,0,4.47,0.42,4.43
2022484408,2016-04-23,1191,249,0,0,0,4.21,0,0
2022484408,2016-04-24,1161,216,26,37,0,4.58,1.15,4.55
2022484408,2016-04-25,1171,217,8,44,0,4.46,0.22,3.33
2022484408,2016-04-26,1086,275,24,55,0,5.11,0.66,1.43
2022484408,2016-04-27,1119,282,20,19,0,5.12,0.97,1.04
2022484408,2016-04-28,1123,291,20,6,0,5.39,1.33,0.41
2022484408,2016-04-29,1098,281,40,21,0,5.5,1.21,0.48
2022484408,2016-04-30,1043,361,23,13,0,10.57,1.4,0.94
2022484408,2016-05-01,1142,245,28,25,0,4.5,0.96,1.94
2022484408,2016-05-02,1119,277,8,36,0,4.33,0.34,2.61
2022484408,2016-05-03,1104,250,14,72,0,4.28,0.46,3.99
2022484408,2016-05-04,1105,272,27,36,0,4.85,0.93,2.51
2022484408,2016-05-05,1112,253,20,55,0,4.7,0.86,2.79
2022484408,2016-05-06,1104,295,17,24,0,4.64,0.67,1.87
2022484408,2016-05-07,1269,149,2,20,0,3.02,0.08,1.61
2022484408,2016-05-08,1305,135,0,0,0,2.31,0,0
2022484408,2016-05-09,1061,297,47,35,0,5.64,1.63,2.12
2022484408,2016-05-10,1084,271,28,57,0,5.56,1.21,2.22
2022484408,2016-05-11,1133,224,25,58,0,3.99,1.15,4.18
2022484408,2016-05-12,728,236,16,16,0,4.44,0.67,1.28
2026352035,2016-04-12,706,181,8,3,0,2.2,0.35,0.19
2026352035,2016-04-13,663,238,0,0,0,3.1,0,0
2026352035,2016-04-14,653,197,0,0,0,2.05,0,0
2026352035,2016-04-15,687,188,0,0,0,2.37,0,0
2026352035,2016-04-16,728,150,0,0,0,1.58,0,0
2026352035,2016-04-17,1053,60,0,0,0,0.52,0,0
2026352035,2016-04-18,1062,182,0,0,0,2.06,0,0
2026352035,2016-04-19,785,141,0,0,0,1.5,0,0
2026352035,2016-04-20,623,327,0,0,0,4.48,0,0
2026352035,2016-04-21,749,153,0,0,0,1.53,0,0
2026352035,2016-04-22,712,162,0,0,0,1.81,0,0
2026352035,2016-04-23,458,432,0,0,0,7.71,0,0
2026352035,2016-04-24,704,164,0,0,0,2.16,0,0
2026352035,2016-04-25,821,260,0,0,0,3.73,0,0
2026352035,2016-04-26,1018,288,0,0,0,3.68,0,0
2026352035,2016-04-27,586,286,0,0,0,3.77,0,0
2026352035,2016-04-28,626,331,0,0,0,3.95,0,0
2026352035,2016-04-29,492,352,0,0,0,4.71,0,0
2026352035,2016-04-30,594,233,0,0,0,2.93,0,0
2026352035,2016-05-01,716,191,0,0,0,2.28,0,0
2026352035,2016-05-02,716,355,0,0,0,4.35,0,0
2026352035,2016-05-03,981,304,0,0,0,3.72,0,0
2026352035,2016-05-04,530,345,0,0,0,4.07,0,0
2026352035,2016-05-05,479,475,0,0,0,7.54,0,0
2026352035,2016-05-06,511,383,0,0,0,5.08,0,0
2026352035,2016-05-07,665,229,0,0,0,2.6,0,0
2026352035,2016-05-08,610,258,0,0,0,3.45,0,0
2026352035,2016-05-09,543,401,0,0,0,6.6,0,0
2026352035,2016-05-10,1002,17,0,0,0,0.16,0,0
2026352035,2016-05-11,569,330,0,0,0,5.32,0,0
2026352035,2016-05-12,330,343,0,0,0,5.51,0,0
2320127002,2016-04-12,1112,306,9,13,0,6.01,0.31,1.17
2320127002,2016-04-13,1105,335,0,0,0,4.9,0,0
2320127002,2016-04-14,1249,191,0,0,0,2.68,0,0
2320127002,2016-04-15,1195,245,0,0,0,3.51,0,0
2320127002,2016-04-16,1245,195,0,0,0,3.4,0,0
2320127002,2016-04-17,1191,249,0,0,0,4.18,0,0
2320127002,2016-04-18,1173,260,7,0,0,4.14,0.26,0
2320127002,2016-04-19,1201,228,11,0,0,3.66,0.38,0
2320127002,2016-04-20,1146,283,11,0,0,4.34,0.49,0
2320127002,2016-04-21,1302,127,10,1,0,1.81,0.42,0.06
2320127002,2016-04-22,1174,266,0,0,0,3.76,0,0
2320127002,2016-04-23,1129,242,0,0,0,3.42,0,0
2320127002,2016-04-24,1236,204,0,0,0,2.8,0,0
2320127002,2016-04-25,1280,152,5,3,0,1.99,0.2,0.23
2320127002,2016-04-26,1293,147,0,0,0,2.3,0,0
2320127002,2016-04-27,1358,82,0,0,0,1.16,0,0
2320127002,2016-04-28,1364,76,0,0,0,1.03,0,0
2320127002,2016-04-29,1395,45,0,0,0,0.62,0,0
2320127002,2016-04-30,1206,234,0,0,0,3.07,0,0
2320127002,2016-05-01,1400,40,0,0,0,0.52,0,0
2320127002,2016-05-02,1306,123,6,5,0,1.88,0.21,0.36
2320127002,2016-05-03,1204,206,10,20,0,3.16,0.37,1.49
2320127002,2016-05-04,1388,52,0,0,0,0.81,0,0
2320127002,2016-05-05,1206,223,11,0,0,3.11,0.39,0
2320127002,2016-05-06,1236,204,0,0,0,3.29,0,0
2320127002,2016-05-07,1121,319,0,0,0,4.97,0,0
2320127002,2016-05-08,1193,247,0,0,0,3.47,0,0
2320127002,2016-05-09,1295,145,0,0,0,2.08,0,0
2320127002,2016-05-10,1150,290,0,0,0,4.2,0,0
2320127002,2016-05-11,1140,300,0,0,0,4.33,0,0
2320127002,2016-05-12,830,128,0,0,0,1.79,0,0
2347167796,2016-04-12,964,320,13,28,0,4.2,0.62,2
2347167796,2016-04-13,676,195,32,19,0,3.41,1.94,1.66
2347167796,2016-04-14,705,206,48,1,0,3.94,2.74,0.02
2347167796,2016-04-15,720,284,24,1,0,5.43,1.42,0.07
2347167796,2016-04-16,968,268,72,66,0,5.53,4.1,5.45
2347167796,2016-04-17,508,249,7,1,0,3.26,0.28,0.08
2347167796,2016-04-18,678,206,16,11,0,3.79,0.86,0.79
2347167796,2016-04-19,648,382,7,0,0,4.44,0,0
2347167796,2016-04-20,1011,269,43,11,0,4.78,1.81,0.68
2347167796,2016-04-21,761,208,26,23,0,3.38,1.53,1.85
2347167796,2016-04-22,781,206,27,9,0,2.92,1.68,0.56
2347167796,2016-04-23,591,360,35,32,0,7.15,1.45,2.78
2347167796,2016-04-24,584,360,0,0,0,6.26,0,0
2347167796,2016-04-25,653,277,11,15,0,4.6,0.52,1.27
2347167796,2016-04-26,732,227,0,0,0,3.95,0,0
2347167796,2016-04-27,623,295,9,26,0,5.32,0.4,1.86
2347167796,2016-04-28,764,229,0,0,0,3.6,0,0
2347167796,2016-04-29,2,4,0,0,0,0.03,0,0
2873212765,2016-04-12,1061,356,21,2,0,4.88,0.93,0.11
2873212765,2016-04-13,1028,404,8,0,0.02,4.88,0.22,0
2873212765,2016-04-14,1109,331,0,0,0,5.32,0,0
2873212765,2016-04-15,992,448,0,0,0.01,5.69,0,0
2873212765,2016-04-16,1087,305,1,47,0.01,3.51,0.02,3.11
2873212765,2016-04-17,1272,160,8,0,0,1.34,0.35,0
2873212765,2016-04-18,1122,311,6,1,0,4.89,0.28,0.07
2873212765,2016-04-19,1051,389,0,0,0,5.36,0,0
2873212765,2016-04-20,1035,378,5,22,0.01,4.66,0.12,1.51
2873212765,2016-04-21,1057,371,10,2,0.01,5.47,0.37,0.13
2873212765,2016-04-22,1028,366,0,46,0.02,4.42,0,0.46
2873212765,2016-04-23,1077,330,5,28,0.01,4.02,0.23,2.09
2873212765,2016-04-24,1203,190,1,46,0,1.62,0.06,3
2873212765,2016-04-25,1081,359,0,0,0,4.95,0,0
2873212765,2016-04-26,1124,309,5,2,0,5.24,0.18,0.12
2873212765,2016-04-27,1197,197,0,46,0,2.36,0,0
2873212765,2016-04-28,1192,213,7,28,0,2.91,0.34,2.16
2873212765,2016-04-29,1191,206,23,20,0,2.18,1.41,1.36
2873212765,2016-04-30,1167,248,20,5,0.01,4.26,1.08,0.33
2873212765,2016-05-01,1219,196,18,7,0,3.44,1.04,0.49
2873212765,2016-05-02,1099,334,7,0,0.02,4.83,0.21,0
2873212765,2016-05-03,1070,363,6,1,0.01,4.66,0.25,0.06
2873212765,2016-05-04,1020,420,0,0,0,5.56,0,0
2873212765,2016-05-05,1093,311,23,13,0,4.03,0.8,0.78
2873212765,2016-05-06,1065,370,5,0,0.01,4.61,0.12,0
2873212765,2016-05-07,1302,52,11,75,0,0.55,0.55,2.28
2873212765,2016-05-08,1068,326,0,46,0,2.64,0,2.9
2873212765,2016-05-09,1095,345,0,0,0,5.19,0,0
2873212765,2016-05-10,1067,373,0,0,0.01,5.55,0,0
2873212765,2016-05-11,1121,319,0,0,0.01,4.32,0,0
2873212765,2016-05-12,720,268,0,0,0,5.11,0,0
3372868164,2016-04-12,1160,280,0,0,0.01,3.23,0,0
3372868164,2016-04-13,1045,371,8,16,0.02,5.27,0.34,0.99
3372868164,2016-04-14,1039,370,25,6,0.01,4.65,1.03,0.34
3372868164,2016-04-15,1105,335,0,0,0.02,5.06,0,0
3372868164,2016-04-16,1084,356,0,0,0.03,4.7,0,0
3372868164,2016-04-17,1105,322,2,11,0.01,4.36,0.1,1.41
3372868164,2016-04-18,1070,343,7,20,0,3.35,0.2,1.08
3372868164,2016-04-19,1064,376,0,0,0.02,5.24,0,0
3372868164,2016-04-20,1148,274,3,15,0.02,2.38,0.09,0.84
3372868164,2016-04-21,1037,376,9,18,0.01,4.64,0.26,1.15
3372868164,2016-04-22,1234,206,0,0,0.01,2.61,0,0
3372868164,2016-04-23,1115,303,2,20,0,3.58,0.08,1.4
3372868164,2016-04-24,1127,292,7,14,0.02,3.49,0.19,0.89
3372868164,2016-04-25,1024,416,0,0,0,4.09,0,0
3372868164,2016-04-26,1083,333,2,22,0.01,3.87,0.05,1.85
3372868164,2016-04-27,1057,346,13,24,0.01,3.19,0.63,1.58
3372868164,2016-04-28,1055,385,0,0,0,3.76,0,0
3372868164,2016-04-29,1038,402,0,0,0.01,6.22,0,0
3372868164,2016-04-30,1119,300,4,17,0.01,2.42,0.09,1.06
3372868164,2016-05-01,842,172,0,0,0,2.09,0,0
3977333714,2016-04-12,777,131,19,44,0,2.01,0.91,3.06
3977333714,2016-04-13,754,153,46,31,0,2.55,2.13,2.03
3977333714,2016-04-14,801,214,23,5,0,3.82,0.97,0.32
3977333714,2016-04-15,644,183,42,15,0,3.26,1.75,1.05
3977333714,2016-04-16,663,153,83,31,0,2.97,4,2.03
3977333714,2016-04-17,600,205,58,11,0,3.92,2.35,0.7
3977333714,2016-04-18,605,214,95,4,0,3.82,3.73,0.25
3977333714,2016-04-19,738,221,67,19,0,3.96,2.45,2.24
3977333714,2016-04-20,845,164,98,2,0,3.28,4.35,0.2
3977333714,2016-04-21,712,242,0,0,0,4.06,0,0
3977333714,2016-04-22,731,188,12,33,0,3.06,0.58,2.33
3977333714,2016-04-23,724,252,92,0,0,3.85,4.22,0
3977333714,2016-04-24,660,129,95,30,0,2.17,4.56,3.27
3977333714,2016-04-25,781,133,9,50,0,2.41,0.43,5.62
3977333714,2016-04-26,797,170,95,7,0,2.95,4.22,0.45
3977333714,2016-04-27,714,176,10,0,0,4.62,0.42,0
3977333714,2016-04-28,804,190,8,15,0,3.22,0.29,1.37
3977333714,2016-04-29,744,150,32,36,0,2.71,1.3,3.74
3977333714,2016-04-30,687,194,52,43,0,3.41,2.1,3.69
3977333714,2016-05-01,691,124,40,41,0,2.41,1.98,2.67
3977333714,2016-05-02,713,176,143,24,0,3.02,6.48,1.54
3977333714,2016-05-03,594,258,41,47,0,4.53,1.74,3.32
3977333714,2016-05-04,852,142,96,14,0,2.89,4.58,1.81
3977333714,2016-05-05,680,178,88,14,0,2.71,4.11,1.76
3977333714,2016-05-06,676,168,55,29,0,2.67,2.51,3.11
3977333714,2016-05-07,703,208,86,0,0,3.59,4.13,0
3977333714,2016-05-08,688,171,116,9,0,3.17,5.24,0.68
3977333714,2016-05-09,1159,151,122,8,0,3.55,5.6,0.77
3977333714,2016-05-10,676,196,115,1,0,3.31,5.4,0.07
3977333714,2016-05-11,13,9,0,4,0,0.13,0,0.37
4020332650,2016-04-12,712,331,15,4,0,5.68,0.24,0.15
4020332650,2016-04-14,1437,3,0,0,0,0.03,0,0
4020332650,2016-04-15,1299,87,18,36,0,0.77,0.36,0.21
4020332650,2016-04-16,1222,55,21,65,0,0.59,0.37,0.45
4020332650,2016-04-17,1438,2,0,0,0,0.01,0,0
4020332650,2016-04-18,1438,2,0,0,0,0.04,0,0
4020332650,2016-05-02,1350,31,11,0,0,0.29,0.04,0
4020332650,2016-05-03,950,174,0,0,0.05,3.15,0,0
4020332650,2016-05-04,531,346,46,13,0,5.58,1.04,0.67
4020332650,2016-05-05,916,196,42,38,0.07,4.04,1.68,2.62
4020332650,2016-05-06,855,177,0,0,0.01,3.1,0,0
4020332650,2016-05-07,1256,184,0,0,0,3.58,0,0
4020332650,2016-05-08,775,263,0,0,0,4.15,0,0
4020332650,2016-05-09,1225,173,5,3,0,2.94,0.12,0.2
4020332650,2016-05-10,774,206,0,0,0.04,3.87,0,0
4020332650,2016-05-11,1296,134,8,2,0,2.33,0.17,0.11
4020332650,2016-05-12,721,21,0,0,0,0.41,0,0
4057192912,2016-04-12,1276,164,0,0,0,3.94,0,0
4057192912,2016-04-13,1280,160,0,0,0,4.37,0,0
4057192912,2016-04-15,873,88,6,3,0,2.44,0.26,0.21
4319703577,2016-04-13,1234,96,15,8,0,1.31,0.59,0.53
4319703577,2016-04-14,589,339,9,1,0,6.44,0.33,0.11
4319703577,2016-04-15,752,228,0,0,0,3.8,0,0
4319703577,2016-04-16,724,194,0,0,0,3.18,0,0
4319703577,2016-04-17,1363,3,0,0,0,0.02,0,0
4319703577,2016-04-18,824,58,9,1,0,1.12,0.33,0.07
4319703577,2016-04-19,604,311,0,0,0,5.99,0,0
4319703577,2016-04-20,671,306,18,0,0,5.31,0.68,0
4319703577,2016-04-21,1265,34,0,0,0,0.35,0,0
4319703577,2016-04-22,709,176,19,1,0,2.15,0.81,0.06
4319703577,2016-04-23,546,233,0,0,0,3.31,0,0
4319703577,2016-04-24,692,191,5,1,0,2.47,0.2,0.06
4319703577,2016-04-25,544,390,8,0,0,5.93,0.28,0
4319703577,2016-04-26,649,288,21,8,0,5.15,0.92,0.57
4319703577,2016-04-27,680,300,47,6,0,4.91,1.92,0.41
4319703577,2016-04-28,552,359,8,13,0,5.94,0.33,1.01
4319703577,2016-04-29,624,289,18,6,0,4.12,0.79,0.45
4319703577,2016-04-30,695,196,38,6,0,3.51,1.61,0.4
4319703577,2016-05-01,836,67,0,0,0,0.84,0,0
4319703577,2016-05-02,585,344,11,0,0,5.71,0.44,0
4319703577,2016-05-03,669,287,26,8,0,4.83,1.07,0.58
4319703577,2016-05-04,1106,313,13,8,0,5.85,0.58,0.59
4319703577,2016-05-05,957,328,34,27,0,5.45,1.41,2.63
4319703577,2016-05-06,692,314,11,6,0,5.46,0.47,0.41
4319703577,2016-05-07,586,279,28,3,0,4.08,1.05,0.19
4319703577,2016-05-08,603,153,0,0,0,2.46,0,0
4319703577,2016-05-09,490,374,14,2,0,6.25,0.56,0.14
4319703577,2016-05-10,555,329,12,3,0,5.7,0.46,0.21
4319703577,2016-05-11,574,311,18,3,0,5.18,0.74,0.2
4319703577,2016-05-12,0,2,0,0,0,0.01,0,0
4388161847,2016-04-13,1275,150,14,1,0,3.88,0.63,0.06
4388161847,2016-04-14,945,219,35,10,0,5.62,1.07,0.13
4388161847,2016-04-15,837,299,0,0,0,6.73,0,0
4388161847,2016-04-16,609,253,9,6,0,4.45,0.4,0.21
4388161847,2016-04-17,721,201,0,0,0,3.58,0,0
4388161847,2016-04-18,1017,239,8,27,0,5.14,0.4,3.56
4388161847,2016-04-19,704,249,16,20,0,5.77,0.69,1.37
4388161847,2016-04-20,696,228,42,19,0,5.29,1.72,1.1
4388161847,2016-04-21,853,272,12,7,0,6.98,0.39,0.37
4388161847,2016-04-22,945,220,25,77,0,4.92,1.11,3.3
4388161847,2016-04-23,749,215,5,58,0,5.35,0.32,4.5
4388161847,2016-04-24,584,239,8,14,0,6.3,0.51,1.08
4388161847,2016-04-25,1054,301,31,11,0,7.84,1.4,0.73
4388161847,2016-04-26,673,224,23,14,0,5.27,1.06,0.94
4388161847,2016-04-27,684,241,48,11,0,5.39,2.51,0.7
4388161847,2016-04-28,878,234,9,19,0,6.03,0.43,1.29
4388161847,2016-04-29,1175,236,16,13,0,5.42,0.89,0.8
4388161847,2016-04-30,537,300,43,14,0,6.94,2,0.7
4388161847,2016-05-01,579,241,15,12,0,6.2,0.68,1.01
4388161847,2016-05-02,935,204,4,33,0,4.55,0.08,3.77
4388161847,2016-05-03,984,306,18,18,0,7.88,0.78,1.13
4388161847,2016-05-04,632,251,21,35,0,5.8,0.93,2.79
4388161847,2016-05-05,896,199,39,12,0,5.09,1.67,0.63
4388161847,2016-05-06,1100,262,45,33,0,5.93,2.09,2.11
4388161847,2016-05-07,508,260,56,120,0,5.33,2.77,9.45
4388161847,2016-05-08,576,178,38,107,0,3.23,1.26,9.89
4388161847,2016-05-09,1020,258,19,6,0,6.79,0.73,0.34
4388161847,2016-05-10,648,267,14,13,0,6.46,0.65,0.81
4388161847,2016-05-11,858,256,18,8,0,6.53,0.79,0.53
4388161847,2016-05-12,825,108,0,0,0,2.59,0,0
4445114986,2016-04-12,787,196,0,0,0,2.2,0,0
4445114986,2016-04-13,840,194,0,0,0,1.99,0,0
4445114986,2016-04-14,717,231,0,0,0,2.67,0,0
4445114986,2016-04-15,711,350,0,0,0,4.83,0,0
4445114986,2016-04-16,716,225,0,0,0,2.65,0,0
4445114986,2016-04-17,1219,114,0,0,0,1.52,0,0
4445114986,2016-04-18,1247,162,6,25,0,1.95,0.29,2
4445114986,2016-04-19,895,121,0,0,0,1.39,0,0
4445114986,2016-04-20,841,137,0,0,0,1.39,0,0
4445114986,2016-04-21,756,215,0,0,0,2.54,0,0
4445114986,2016-04-22,706,317,0,0,0,4.58,0,0
4445114986,2016-04-23,1239,201,0,0,0,2.93,0,0
4445114986,2016-04-24,1196,244,0,0,0,3.36,0,0
4445114986,2016-04-25,916,179,0,0,0,2.27,0,0
4445114986,2016-04-26,839,180,1,29,0,1.96,0.04,2.41
4445114986,2016-04-27,839,194,1,32,0,2.38,0.03,2.62
4445114986,2016-04-28,762,236,0,0,0,3.01,0,0
4445114986,2016-04-29,1106,226,0,0,0,3.13,0,0
4445114986,2016-04-30,797,290,0,0,0,4.18,0,0
4445114986,2016-05-01,741,240,0,0,0,3.51,0,0
4445114986,2016-05-02,667,200,4,27,0,2.35,0.19,2.21
4445114986,2016-05-03,725,233,2,30,0,2.58,0.11,2.48
4445114986,2016-05-04,897,180,0,0,0,1.96,0,0
4445114986,2016-05-05,734,185,6,2,0,2.18,0.24,0.12
4445114986,2016-05-06,809,229,0,0,0,3.03,0,0
4445114986,2016-05-07,866,108,4,26,0,1.25,0.19,2.13
4445114986,2016-05-08,733,308,8,0,0,4.65,0.25,0
4445114986,2016-05-09,641,266,0,0,0,3.54,0,0
4445114986,2016-05-10,783,231,0,0,0,2.63,0,0
4445114986,2016-05-11,622,232,22,34,0,2.86,1,2.25
4445114986,2016-05-12,380,58,0,0,0,0.52,0,0
4558609924,2016-04-12,1122,318,0,0,0,3.39,0,0
4558609924,2016-04-13,1287,127,7,19,0,1.61,0.44,1.24
4558609924,2016-04-14,1161,279,0,0,0,4.49,0,0
4558609924,2016-04-15,1131,262,30,17,0,3.73,0.84,0.59
4558609924,2016-04-16,1112,308,12,8,0,3.5,0.75,0.55
4558609924,2016-04-17,1110,304,19,7,0,4.71,1.14,0.55
4558609924,2016-04-18,1080,331,15,14,0,4,0.93,0.98
4558609924,2016-04-19,1182,248,9,1,0,3.16,0.36,0.05
4558609924,2016-04-20,1218,222,0,0,0,3.17,0,0
4558609924,2016-04-21,844,432,21,6,0,7.7,0.97,0.42
4558609924,2016-04-22,1122,273,25,20,0,3.47,1.5,1.37
4558609924,2016-04-23,1122,308,5,5,0,4.01,0.2,0.34
4558609924,2016-04-24,1045,395,0,0,0,5.65,0,0
4558609924,2016-04-25,993,340,10,18,0,4.51,0.25,0.59
4558609924,2016-04-26,1062,283,41,12,0,3.59,2.03,0.43
4558609924,2016-04-27,1087,312,14,27,0,3.46,0.89,1.96
4558609924,2016-04-28,985,367,11,1,0,5.95,0.27,0.02
4558609924,2016-04-29,1096,197,29,15,0,2.31,1.85,1.02
4558609924,2016-04-30,1111,293,29,7,0,4.46,1.89,0.47
4558609924,2016-05-01,1121,190,0,0,0,2.27,0,0
4558609924,2016-05-02,1057,383,0,0,0,5.22,0,0
4558609924,2016-05-03,1172,237,10,21,0,2.6,0.28,0.6
4558609924,2016-05-04,1188,252,0,0,0,3.46,0,0
4558609924,2016-05-05,1048,370,8,14,0,5.51,0.5,1.01
4558609924,2016-05-06,1238,202,0,0,0,2.48,0,0
4558609924,2016-05-07,1116,233,16,23,0,2.83,1,1.61
4558609924,2016-05-08,1019,238,35,66,0,2.02,0.5,1.8
4558609924,2016-05-09,1065,339,30,6,0,5.52,1.62,0.43
4558609924,2016-05-10,1191,220,18,11,0,2.39,1.12,0.74
4558609924,2016-05-11,1081,324,31,4,0,3.94,1.82,0.26
4558609924,2016-05-12,736,247,0,0,0,4.17,0,0
4702921684,2016-04-12,718,263,0,0,0,5.85,0,0
4702921684,2016-04-13,777,258,0,0,0,5.58,0,0
4702921684,2016-04-14,772,271,0,0,0,6.37,0,0
4702921684,2016-04-15,944,256,8,1,0,4.79,0.42,0.07
4702921684,2016-04-16,556,335,24,3,0,7.54,1.25,0.24
4702921684,2016-04-17,437,302,66,12,0,5.88,3.46,0.96
4702921684,2016-04-18,890,191,30,22,0,4.07,1.49,1.82
4702921684,2016-04-19,757,179,8,10,0,4.19,0.37,0.88
4702921684,2016-04-20,717,260,29,2,0,5.73,1.23,0.16
4702921684,2016-04-21,901,144,41,4,0,2.94,2.05,0.31
4702921684,2016-04-22,1341,72,0,0,0,1.35,0,0
4702921684,2016-04-23,469,408,66,9,0,8.27,3.24,0.76
4702921684,2016-04-24,542,281,95,15,0,5.88,5.12,1.2
4702921684,2016-04-25,730,270,15,6,0,6.11,0.82,0.49
4702921684,2016-04-26,765,216,8,1,0,4.54,0.35,0.07
4702921684,2016-04-27,733,238,16,1,0,4.78,0.8,0.09
4702921684,2016-04-28,738,232,9,14,0,5.77,0.42,1.13
4702921684,2016-04-29,692,267,19,12,0,6.07,0.92,1.06
4702921684,2016-04-30,728,263,36,4,0,5.88,2.03,0.32
4702921684,2016-05-02,1131,195,40,5,0,3.76,1.74,0.38
4702921684,2016-05-03,729,313,0,0,0,7.67,0,0
4702921684,2016-05-04,757,251,15,4,0,5.54,0.73,0.34
4702921684,2016-05-05,745,241,5,8,0,6.09,0.22,0.67
4702921684,2016-05-06,682,207,16,1,0,4.87,0.66,0.08
4702921684,2016-05-07,577,439,46,5,0,8.97,2.31,0.37
4702921684,2016-05-08,1019,192,125,9,0,3.54,6.21,0.68
4702921684,2016-05-09,746,253,12,0,0,6.1,0.57,0
4702921684,2016-05-10,701,262,37,1,0,6.65,1.88,0.08
4702921684,2016-05-11,784,235,41,10,0,4.98,2.16,0.78
4702921684,2016-05-12,241,68,0,0,0,2.23,0,0
5553957443,2016-04-12,767,277,13,19,0,5.41,0.79,1.37
5553957443,2016-04-13,647,226,0,0,0,3.16,0,0
5553957443,2016-04-14,693,256,41,61,0,4.67,2.45,4
5553957443,2016-04-15,689,239,38,58,0,4.71,1.98,4.16
5553957443,2016-04-16,521,288,0,0,0,3.77,0,0
5553957443,2016-04-17,943,46,0,0,0,0.43,0,0
5553957443,2016-04-18,622,206,0,0,0,2.43,0,0
5553957443,2016-04-19,756,249,28,69,0,4.18,1.66,4.28
5553957443,2016-04-20,598,148,0,0,0,1.77,0,0
5553957443,2016-04-21,801,177,42,47,0,2.96,2.16,2.95
5553957443,2016-04-22,781,270,16,25,0,5.6,0.63,1.38
5553957443,2016-04-23,443,272,0,0,0,2.68,0,0
5553957443,2016-04-24,582,104,0,0,0,1.18,0,0
5553957443,2016-04-25,732,201,11,51,0,3.69,0.57,2.93
5553957443,2016-04-26,750,238,18,40,0,4.46,0.93,2.37
5553957443,2016-04-27,745,206,16,16,0,4.74,1,1.14
5553957443,2016-04-28,727,165,13,49,0,3.17,0.75,3.71
5553957443,2016-04-29,709,270,15,46,0,4.91,0.64,2.79
5553957443,2016-04-30,506,84,0,0,0,0.78,0,0
5553957443,2016-05-01,436,237,0,0,0,3.37,0,0
5553957443,2016-05-02,724,227,9,23,0,4.9,0.41,1.06
5553957443,2016-05-03,812,247,29,26,0,5.68,1.2,1.5
5553957443,2016-05-04,651,224,0,0,0,2.77,0,0
5553957443,2016-05-05,692,241,29,44,0,4.43,1.66,3.43
5553957443,2016-05-06,761,229,9,21,0,4.23,0.54,1.52
5553957443,2016-05-07,902,96,0,0,0,1.22,0,0
5553957443,2016-05-08,505,210,8,3,0,3.3,0.47,0.22
5553957443,2016-05-09,667,251,22,59,0,4.56,0.89,2.13
5553957443,2016-05-10,707,265,40,61,0,5.2,1.61,3.87
5553957443,2016-05-11,628,195,0,0,0,3.22,0,0
5553957443,2016-05-12,222,48,6,8,0,1.06,0.4,0.58
5577150313,2016-04-12,728,140,16,86,0,2.1,0.38,3.6
5577150313,2016-04-13,776,144,11,15,0,3.25,0.22,0.32
5577150313,2016-04-14,662,176,30,118,0,2.78,0.31,3.33
5577150313,2016-04-15,695,199,54,115,0,3.56,1.6,3.92
5577150313,2016-04-16,472,158,56,184,0,2.73,1.28,6.64
5577150313,2016-04-17,525,159,37,200,0,2.32,0.83,5.98
5577150313,2016-04-18,623,130,32,114,0,1.82,0.72,4.86
5577150313,2016-04-19,733,111,23,108,0,1.76,0.64,7.02
5577150313,2016-04-20,773,113,16,87,0,1.76,0.34,4.12
5577150313,2016-04-21,670,175,74,110,0,2.78,1.66,3.65
5577150313,2016-04-22,823,200,30,62,0,3.3,0.79,2.42
5577150313,2016-04-23,627,223,24,24,0,4.14,0.36,1.21
5577150313,2016-04-24,425,141,65,210,0,1.98,2.15,7.65
5577150313,2016-04-25,743,214,38,61,0,2.76,0.67,1.35
5577150313,2016-04-26,759,181,32,38,0,2.47,0.65,0.85
5577150313,2016-04-27,773,190,16,63,0,2.93,0.4,1.81
5577150313,2016-04-28,692,141,51,99,0,3.01,1.17,3.25
5577150313,2016-04-29,739,165,36,97,0,2.47,0.61,2.84
5577150313,2016-04-30,621,163,45,207,0,2.61,0.79,5.83
5577150313,2016-05-01,499,178,72,194,0,3.24,1.44,5.31
5577150313,2016-05-02,732,235,20,37,0,4.07,0.35,1.12
5577150313,2016-05-03,580,212,8,97,0,3.57,0.15,4.52
5577150313,2016-05-04,631,141,9,25,0,2.08,0.25,1.56
5577150313,2016-05-05,1153,143,21,45,0,2.67,0.47,2.5
5577150313,2016-05-06,1304,79,16,41,0,1.45,0.32,1.93
5577150313,2016-05-09,1099,70,11,34,0,0.99,0.14,1.43
5577150313,2016-05-10,639,194,37,104,0,3.35,0.75,2.56
5577150313,2016-05-11,257,63,15,45,0,0.89,0.3,1.83
6117666160,2016-04-15,921,513,6,0,0,10.3,0.28,0
6117666160,2016-04-16,502,518,15,7,0,9.48,0.85,0.58
6117666160,2016-04-17,702,312,0,0,0,5.4,0,0
6117666160,2016-04-18,759,241,0,0,0,3.89,0,0
6117666160,2016-04-19,425,480,0,0,0,8.41,0,0
6117666160,2016-04-20,587,349,10,26,0,5.52,0.48,2.03
6117666160,2016-04-21,579,294,19,11,0,5.62,0.4,0.98
6117666160,2016-04-22,413,402,0,0,0,6.2,0,0
6117666160,2016-04-23,468,512,0,0,0,8.68,0,0
6117666160,2016-04-24,711,362,0,0,0,5.76,0,0
6117666160,2016-04-26,1077,352,7,0,0,6.87,0.34,0
6117666160,2016-04-27,417,458,0,0,0,7.11,0,0
6117666160,2016-04-28,758,141,0,0,0,2.6,0,0
6117666160,2016-04-29,479,461,0,0,0,7.24,0,0
6117666160,2016-04-30,1040,343,0,0,0,5.28,0,0
6117666160,2016-05-01,525,397,0,0,0,6.73,0,0
6117666160,2016-05-02,1204,236,0,0,0,3.73,0,0
6117666160,2016-05-04,1279,156,0,0,0,2.26,0,0
6117666160,2016-05-05,479,487,0,0,0,7.4,0,0
6117666160,2016-05-06,673,133,0,0,0,2.68,0,0
6117666160,2016-05-07,456,412,0,0,0,5.54,0,0
6117666160,2016-05-08,517,318,0,0,0,5.53,0,0
6117666160,2016-05-09,125,197,0,0,0,3.38,0,0
6290855005,2016-04-12,1241,199,0,0,0,3.45,0,0
6290855005,2016-04-13,1090,350,0,0,0.01,5.39,0,0
6290855005,2016-04-14,1077,363,0,0,0.03,5.77,0,0
6290855005,2016-04-15,1112,328,0,0,0.01,7.17,0,0
6290855005,2016-04-16,1182,258,0,0,0.01,6.27,0,0
6290855005,2016-04-17,1172,225,12,31,0,4,0.79,1.14
6290855005,2016-04-18,1169,271,0,0,0.02,5.19,0,0
6290855005,2016-04-19,1119,321,0,0,0.01,5.39,0,0
6290855005,2016-04-20,1182,258,0,0,0.01,4.8,0,0
6290855005,2016-04-22,1138,302,0,0,0,4.72,0,0
6290855005,2016-04-24,1182,258,0,0,0,4.46,0,0
6290855005,2016-04-25,1180,249,3,8,0.01,5.03,0.18,0.68
6290855005,2016-04-27,1153,287,0,0,0.03,4.18,0,0
6290855005,2016-04-28,1185,255,0,0,0,4.33,0,0
6290855005,2016-04-30,1116,324,0,0,0.01,5.09,0,0
6290855005,2016-05-01,1055,282,95,8,0.02,4,2.75,0.66
6290855005,2016-05-02,1172,268,0,0,0.02,5.11,0,0
6290855005,2016-05-03,1200,240,0,0,0,4.57,0,0
6290855005,2016-05-04,1168,272,0,0,0.01,4.4,0,0
6290855005,2016-05-05,1201,239,0,0,0,4.79,0,0
6290855005,2016-05-06,1135,305,0,0,0.03,4.59,0,0
6290855005,2016-05-07,1213,227,0,0,0,4.16,0,0
6290855005,2016-05-08,1189,251,0,0,0,5.82,0,0
6290855005,2016-05-09,800,264,0,0,0.02,4.73,0,0
6775888955,2016-04-13,1053,85,18,17,0,1.22,0.58,1.11
6775888955,2016-04-14,863,105,24,14,0,1.97,0.86,0.87
6775888955,2016-04-15,976,58,0,0,0,0.92,0,0
6775888955,2016-04-16,1377,9,18,36,0,0.06,0.81,2.52
6775888955,2016-04-17,1392,19,24,5,0,0.31,1.13,0.35
6775888955,2016-04-18,1233,146,31,30,0,3.17,0.77,2
6775888955,2016-04-20,1079,178,113,70,0,2.22,1.74,3.77
6775888955,2016-04-22,1420,20,0,0,0,0.46,0,0
6775888955,2016-04-24,1400,11,18,11,0,0.15,0.62,0.77
6775888955,2016-04-25,1302,92,13,33,0,1.9,0.46,2.27
6775888955,2016-04-26,1321,47,30,42,0,0.73,0.87,3.48
6775888955,2016-04-28,1410,15,13,2,0,0.24,0.2,0.06
6775888955,2016-04-30,1344,84,9,3,0,1.48,0.16,0.16
6775888955,2016-05-01,1347,50,34,9,0,0.68,0.62,0.48
6775888955,2016-05-03,1439,1,0,0,0,0.01,0,0
6775888955,2016-05-06,1318,75,35,12,0,1.93,0.93,0.47
6775888955,2016-05-07,551,49,5,2,0,1.05,0.24,0.13
6962181067,2016-04-12,796,189,14,50,0,2.51,0.83,3.4
6962181067,2016-04-13,548,142,24,8,0,1.96,1.21,0.57
6962181067,2016-04-14,862,86,0,0,0,1.03,0,0
6962181067,2016-04-15,837,217,0,0,0,3.68,0,0
6962181067,2016-04-16,741,280,3,50,0,4.88,0.19,3.66
6962181067,2016-04-17,634,295,13,5,0,5.69,0.68,0.33
6962181067,2016-04-18,689,238,42,13,0,4.32,2.39,0.83
6962181067,2016-04-19,659,195,41,35,0,2.87,2.13,2.1
6962181067,2016-04-20,639,297,4,48,0,5.09,0.19,4.28
6962181067,2016-04-21,708,214,27,53,0.11,3.51,2.1,3.99
6962181067,2016-04-22,659,240,33,30,0,3.77,1.55,1.77
6962181067,2016-04-23,484,347,41,58,0,7.04,2,4.2
6962181067,2016-04-24,720,199,0,0,0,3.32,0,0
6962181067,2016-04-25,637,282,31,35,0.1,4.46,1.68,3.02
6962181067,2016-04-26,680,254,7,36,0,3.9,0.42,2.58
6962181067,2016-04-27,697,279,38,7,0,4.25,2.02,0.55
6962181067,2016-04-28,621,288,8,38,0,5.59,0.24,2.51
6962181067,2016-04-29,645,369,15,12,0,5.81,0.48,0.82
6962181067,2016-04-30,731,237,16,32,0,3.67,0.76,2.24
6962181067,2016-05-01,722,215,0,0,0,3.61,0,0
6962181067,2016-05-02,655,313,39,18,0,5.34,2,1.2
6962181067,2016-05-03,654,267,36,21,0,4.33,2.04,1.74
6962181067,2016-05-04,683,284,36,15,0,4.55,1.68,0.47
6962181067,2016-05-05,591,305,22,14,0,4.81,1.16,0.99
6962181067,2016-05-06,717,299,0,0,0,3.91,0,0
6962181067,2016-05-07,745,328,0,0,0,4.5,0,0
6962181067,2016-05-08,709,151,14,0,0,2.25,0.52,0
6962181067,2016-05-09,607,231,21,43,0,3.65,1.18,3.9
6962181067,2016-05-10,626,275,34,62,0,4.99,1.75,3.47
6962181067,2016-05-11,709,199,7,24,0,2.65,0.31,1.49
6962181067,2016-05-12,127,105,8,0,0,2.11,0.25,0
7007744171,2016-04-12,1024,355,8,53,0,5.41,0.38,4.5
7007744171,2016-04-13,1101,261,22,56,0,4.48,0.56,4.61
7007744171,2016-04-14,1096,304,6,34,0,4.96,0.34,2.95
7007744171,2016-04-15,1238,202,0,0,0,3.53,0,0
7007744171,2016-04-16,1155,203,0,0,0,3.1,0,0
7007744171,2016-04-17,1135,305,0,0,0,5.39,0,0
7007744171,2016-04-18,1077,284,31,48,0.02,5.05,2.12,3.79
7007744171,2016-04-19,1066,304,17,53,0,5.31,0.76,4.41
7007744171,2016-04-20,1000,347,33,60,0,5.86,0.67,4.79
7007744171,2016-04-21,1049,327,34,30,0,5.17,1.87,2.15
7007744171,2016-04-22,1065,261,50,64,0,4.37,1.76,4.1
7007744171,2016-04-23,1190,223,25,2,0,4.15,1.13,0.13
7007744171,2016-04-24,1021,419,0,0,0,7.42,0,0
7007744171,2016-04-25,986,379,24,51,0,7.67,1.37,4.31
7007744171,2016-04-26,978,424,22,16,0,8.23,0.94,0.93
7007744171,2016-04-27,1041,337,12,50,0,5.29,0.66,4.27
7007744171,2016-04-28,1007,401,16,16,0,8.26,0.77,1.09
7007744171,2016-04-29,961,382,42,55,0,7.95,2.05,4.31
7007744171,2016-04-30,1240,200,0,0,0,2.52,0,0
7007744171,2016-05-01,1142,237,0,0,0,3.75,0,0
7007744171,2016-05-02,1112,250,14,64,0,3.83,0.7,4.64
7007744171,2016-05-03,1021,330,31,58,0,5.36,1.02,4.48
7007744171,2016-05-05,1047,317,23,53,0,5.48,1.29,4.33
7007744171,2016-05-06,1136,247,13,44,0,3.86,0.81,3
7086361926,2016-04-12,745,153,6,59,0,2.97,0.15,5.27
7086361926,2016-04-13,744,155,26,31,0,2.84,0.21,0.56
7086361926,2016-04-14,787,189,32,35,0,3.66,0.33,2.03
7086361926,2016-04-15,864,139,21,30,0,2.53,1.11,2.04
7086361926,2016-04-16,1437,3,0,0,0,0.01,0,0
7086361926,2016-04-18,1136,114,51,61,0,2.31,1.22,3.17
7086361926,2016-04-19,671,124,69,67,0,2.51,1.23,3.53
7086361926,2016-04-20,797,145,13,87,0,2.54,0.45,7.64
7086361926,2016-04-21,758,206,6,19,0,4.51,0.3,1.36
7086361926,2016-04-22,762,153,59,58,0,2.67,0.97,2.87
7086361926,2016-04-23,1350,90,0,0,0,1.8,0,0
7086361926,2016-04-24,566,125,0,0,0,2.15,0,0
7086361926,2016-04-25,706,129,39,69,0,2.37,0.7,3.75
7086361926,2016-04-26,726,132,33,70,0,2.12,0.77,4.16
7086361926,2016-04-27,829,145,6,55,0,2.53,0.18,5.63
7086361926,2016-04-28,810,161,48,54,0,3.36,1.64,2.79
7086361926,2016-04-29,1198,182,36,24,0,4,0.45,0.49
7086361926,2016-04-30,584,308,17,42,0,5.24,1.04,3.12
7086361926,2016-05-01,685,258,15,30,0,4.85,0.9,2.3
7086361926,2016-05-02,737,139,26,66,0,2.66,0.66,3.48
7086361926,2016-05-03,761,152,36,57,0,3.16,0.85,2.74
7086361926,2016-05-04,843,135,12,45,0,2.9,0.12,5.28
7086361926,2016-05-05,1253,149,14,24,0,2.95,0.83,1.78
7086361926,2016-05-06,834,154,35,84,0,3.12,1.43,3.82
7086361926,2016-05-07,621,209,42,20,0,4.68,2.33,1.46
7086361926,2016-05-08,695,147,27,32,0,3.25,1.53,2.31
7086361926,2016-05-09,743,171,50,67,0,3.12,1.71,4.26
7086361926,2016-05-10,1182,106,23,72,0,2.45,1.2,7.11
7086361926,2016-05-11,757,128,40,57,0,2.23,1.39,2.89
7086361926,2016-05-12,343,58,4,5,0,1.89,0.27,0.38
8053475328,2016-04-12,1193,123,8,116,0,2.1,0.39,11.64
8053475328,2016-04-13,1177,156,12,95,0,2.45,0.47,10.43
8053475328,2016-04-14,1123,193,5,119,0,3.36,0.21,12.34
8053475328,2016-04-15,1142,158,8,132,0,2.59,0.39,13.26
8053475328,2016-04-16,1255,83,6,96,0,1.49,0.27,9.36
8053475328,2016-04-17,1113,195,21,111,0,3.64,0.8,9.24
8053475328,2016-04-18,1137,195,6,102,0,3.35,0.23,9.08
8053475328,2016-04-19,1152,191,7,90,0,2.95,0.31,9.22
8053475328,2016-04-20,695,158,5,89,0,2.38,0.23,9.58
8053475328,2016-04-21,1164,170,6,100,0,2.58,0.25,9.67
8053475328,2016-04-22,1260,117,3,60,0,1.88,0.15,6.26
8053475328,2016-04-23,741,223,14,125,0,4.02,0.63,12.54
8053475328,2016-04-24,1096,182,33,129,0,3.26,1.55,13.13
8053475328,2016-04-25,1104,209,9,118,0,3.86,0.46,11.37
8053475328,2016-04-26,1182,185,5,68,0,3.1,0.2,6.31
8053475328,2016-04-27,1187,183,10,60,0,2.93,0.43,6.46
8053475328,2016-04-28,1188,153,9,90,0,2.35,0.39,9.67
8053475328,2016-04-29,1215,159,8,58,0,3.17,0.31,6.17
8053475328,2016-04-30,1281,131,1,27,0,2.54,0.06,2.99
8053475328,2016-05-01,1389,51,0,0,0,0.85,0,0
8053475328,2016-05-02,1345,95,0,0,0,1.43,0,0
8053475328,2016-05-03,1166,165,22,87,0,2.59,0.93,8.39
8053475328,2016-05-04,1220,123,8,89,0,1.91,0.4,8.82
8053475328,2016-05-05,1208,130,9,93,0,2.21,0.45,8.85
8053475328,2016-05-06,1245,90,15,90,0,1.21,0.69,9.1
8053475328,2016-05-07,1076,148,20,121,0,2.35,0.88,12.44
8053475328,2016-05-08,1073,228,14,125,0,3.66,0.59,13.4
8053475328,2016-05-09,1214,148,12,66,0,2.69,0.57,6.12
8053475328,2016-05-10,1219,115,10,96,0,1.85,0.42,9.09
8053475328,2016-05-11,1189,184,7,60,0,3.04,0.28,6.08
8053475328,2016-05-12,839,39,4,28,0,0.76,0.2,2.95
8253242879,2016-04-12,1244,154,2,40,0,1.59,0.14,5.43
8253242879,2016-04-13,1298,96,11,35,0,1.31,0.63,4.17
8253242879,2016-04-14,1362,33,16,29,0,0.54,0.99,1.93
8253242879,2016-04-15,1335,105,0,0,0,1.76,0,0
8253242879,2016-04-16,1268,115,51,6,0,2.45,3.27,0.43
8253242879,2016-04-17,1237,157,5,41,0,2.33,0.15,5.43
8253242879,2016-04-18,1278,130,16,16,0,1.8,0.63,1.04
8253242879,2016-04-19,1276,164,0,0,0,2.78,0,0
8253242879,2016-04-20,1201,216,18,5,0.01,3.11,0.82,0.33
8253242879,2016-04-21,1199,172,20,49,0,1.75,0.93,5.88
8253242879,2016-04-22,1320,120,0,0,0,1.87,0,0
8253242879,2016-04-23,1193,191,26,30,0,3.13,1.04,2.09
8253242879,2016-04-24,1313,82,4,41,0,1.34,0.19,5.6
8253242879,2016-04-25,1261,118,54,7,0,1.77,2.39,0.36
8253242879,2016-04-26,1299,108,14,19,0,1.37,0.49,1.18
8253242879,2016-04-27,1286,104,5,45,0,1.7,0.23,6.24
8253242879,2016-04-28,1393,20,16,11,0,0.34,0.78,0.67
8253242879,2016-04-29,1257,136,14,16,0,2.4,0.54,1.29
8378563200,2016-04-12,723,156,15,65,0,4.5,0.71,0.83
8378563200,2016-04-13,680,169,14,116,0,4.21,0.65,4.96
8378563200,2016-04-14,699,174,21,123,0,3.91,1.03,5.62
8378563200,2016-04-15,729,190,23,60,0,5.41,1.15,4.91
8378563200,2016-04-16,563,142,21,64,0,2.44,1.07,5.37
8378563200,2016-04-17,599,93,0,0,0,1.69,0,0
8378563200,2016-04-18,720,174,10,117,0,5.2,0.56,5.05
8378563200,2016-04-19,737,154,19,120,0,4.18,0.88,5.3
8378563200,2016-04-20,763,169,8,82,0,4.78,0.44,2.23
8378563200,2016-04-21,677,145,16,137,0,4.29,0.82,6.9
8378563200,2016-04-22,769,159,12,113,0,4.18,0.59,4.91
8378563200,2016-04-23,740,136,10,19,0,2.48,0.52,1.52
8378563200,2016-04-24,734,135,0,0,0,2.94,0,0
8378563200,2016-04-25,692,141,16,117,0,3.92,0.87,5.05
8378563200,2016-04-26,593,161,18,90,0,4.42,0.92,7.51
8378563200,2016-04-27,676,192,4,4,0,5.33,0.18,0.33
8378563200,2016-04-28,711,139,10,11,0,2.91,0.49,0.9
8378563200,2016-04-29,767,172,7,3,0,4.27,0.36,0.25
8378563200,2016-04-30,780,121,0,0,0,2.34,0,0
8378563200,2016-05-01,669,127,10,71,0,2.47,0.56,6.03
8378563200,2016-05-02,802,142,4,63,0,4.01,0.17,0.63
8378563200,2016-05-03,822,195,20,71,0,4.5,1.06,1.34
8378563200,2016-05-04,680,167,10,19,0,4.2,0.49,1.56
8378563200,2016-05-05,764,214,3,66,0,5.74,0.16,0.89
8378563200,2016-05-06,831,166,5,74,0,3.78,0.25,1.55
8378563200,2016-05-07,851,158,0,0,0,3.54,0,0
8378563200,2016-05-08,621,139,0,0,0,2.33,0,0
8378563200,2016-05-09,772,171,13,71,0,4.72,0.66,1.27
8378563200,2016-05-10,840,152,13,63,0,3.92,0.64,0.66
8378563200,2016-05-11,763,184,10,72,0,5.27,0.59,1.39
8378563200,2016-05-12,433,102,6,8,0,2.69,0.27,0.65
8583815059,2016-04-12,1237,196,7,0,0,3.58,0.33,0
8583815059,2016-04-13,1252,163,23,2,0,3.23,0.97,0.15
8583815059,2016-04-14,1306,134,0,0,0,2.43,0,0
8583815059,2016-04-15,1375,65,0,0,0,0.9,0,0
8583815059,2016-04-18,1309,105,22,4,0,1.35,1.06,0.31
8583815059,2016-04-19,1257,166,10,7,0,3.44,0.48,0.53
8583815059,2016-04-20,1246,167,27,0,0,3.07,1.04,0
8583815059,2016-04-21,1229,158,18,35,0,3.01,1.02,2.63
8583815059,2016-04-22,1170,212,54,4,0,4.08,2.41,0.29
8583815059,2016-04-23,1151,238,44,7,0,4.75,2.03,0.53
8583815059,2016-04-24,1188,206,44,2,0,4.27,2.05,0.15
8583815059,2016-04-25,1294,122,6,18,0,1.81,0.24,1.47
8583815059,2016-04-26,1134,214,91,1,0,3.89,4.22,0.07
8583815059,2016-04-27,1229,129,5,77,0,2.87,0.27,6.6
8583815059,2016-04-28,1209,203,28,0,0,3.61,1.2,0
8583815059,2016-04-29,1069,258,67,46,0,4.92,3,3.9
8583815059,2016-04-30,1093,317,28,2,0,6.43,1.28,0.15
8583815059,2016-05-01,1311,117,2,10,0,2.04,0.12,0.78
8583815059,2016-05-05,1370,70,0,0,0,1.18,0,0
8583815059,2016-05-06,1250,166,22,2,0,3.23,1.19,0.14
8583815059,2016-05-07,1190,250,0,0,0,4.77,0,0
8583815059,2016-05-08,1183,182,72,3,0,3.66,3.31,0.22
8583815059,2016-05-09,1260,110,4,66,0,1.73,0.17,5.76
8583815059,2016-05-10,1226,162,43,9,0,3.72,2.01,0.69
8583815059,2016-05-11,1106,177,71,5,0,3.17,3.24,0.37
8792009665,2016-04-12,831,116,0,0,0,1.64,0,0
8792009665,2016-04-13,806,82,0,0,0,0.84,0,0
8792009665,2016-04-14,853,84,0,0,0,0.78,0,0
8792009665,2016-04-15,937,126,0,0,0,1.59,0,0
8792009665,2016-04-16,1428,12,0,0,0,0.16,0,0
8792009665,2016-04-20,744,139,10,0,0,1.74,0.28,0
8792009665,2016-04-21,1431,9,0,0,0,0.09,0,0
8792009665,2016-04-22,817,195,20,1,0,2.27,0.28,0.05
8792009665,2016-04-23,795,232,45,8,0,2.75,0.44,0.16
8792009665,2016-04-24,1410,19,8,3,0,0.16,0.05,0.04
8792009665,2016-04-26,1360,80,0,0,0,0.85,0,0
8792009665,2016-04-27,900,112,0,0,0,1.13,0,0
8792009665,2016-04-28,714,310,0,0,0,3.94,0,0
8792009665,2016-04-29,634,380,14,6,0,4.93,0.28,0.14
8792009665,2016-04-30,749,301,20,10,0,3.91,0.36,0.33
8792009665,2016-05-01,834,79,0,0,0,1.04,0,0
8792009665,2016-05-02,916,101,0,0,0,1.17,0,0
8792009665,2016-05-03,739,156,0,0,0,1.55,0,0
8792009665,2016-05-04,848,129,0,0,0,1.46,0,0
8877689391,2016-04-12,1036,312,7,85,0,7.82,0.34,12.22
8877689391,2016-04-13,1098,216,18,108,0,5.64,0.38,3.55
8877689391,2016-04-14,1061,298,13,68,0.02,7.75,0.59,10.55
8877689391,2016-04-15,1052,281,1,106,0.01,7.01,0.05,0.05
8877689391,2016-04-16,888,429,29,94,0,10.71,1.21,13.24
8877689391,2016-04-17,1060,307,15,58,0,8.79,0.07,0
8877689391,2016-04-18,1215,191,5,29,0,5.94,0.27,2.44
8877689391,2016-04-19,1131,214,13,82,0,5.03,0.18,12.15
8877689391,2016-04-20,1123,225,19,73,0,6.34,0.69,11.02
8877689391,2016-04-21,1119,226,13,82,0,4.89,0.42,12.29
8877689391,2016-04-22,1141,236,2,61,0.05,5.97,0.03,10.23
8877689391,2016-04-23,1032,300,6,102,0.01,7.4,0,0
8877689391,2016-04-24,1148,227,1,64,0,4.69,0.01,11.01
8877689391,2016-04-25,1101,218,8,113,0.01,6.27,0.07,2.37
8877689391,2016-04-26,1157,258,3,22,0,6.5,0.13,1.76
8877689391,2016-04-27,1104,235,8,93,0,7.1,0.44,13.07
8877689391,2016-04-28,1143,231,8,58,0,5.97,0.38,4.93
8877689391,2016-04-29,1207,210,5,18,0,5.79,0.17,1.38
8877689391,2016-04-30,1089,223,4,124,0,4.93,0.08,21.66
8877689391,2016-05-01,1226,166,12,36,0,4.57,0.57,3.13
8877689391,2016-05-02,1335,105,0,0,0,3.56,0,0
8877689391,2016-05-03,1189,229,3,19,0.01,6.67,0.1,1.39
8877689391,2016-05-04,1154,212,8,66,0,5.53,0.31,10.42
8877689391,2016-05-05,1170,188,15,67,0,4.37,0.82,5.46
8877689391,2016-05-06,1095,232,17,96,0,6.16,0.29,12.79
8877689391,2016-05-07,1036,271,28,105,0,6.99,0.96,0.08
8877689391,2016-05-08,1174,245,4,17,0,6.8,0.2,1.08
8877689391,2016-05-09,1131,217,19,73,0.05,6.24,0.8,11.1
8877689391,2016-05-10,1187,224,11,18,0,6.28,0.46,1.35
8877689391,2016-05-11,1127,213,12,88,0,5.89,0.41,13.22
8877689391,2016-05-12,770,137,1,23,0,4.25,0.04,1.82
